ID	stim_file	start_vol	end_vol
sub-control001	01_H35_combined_small.mp4	230	258
sub-control001	02_H10_combined_small.mp4	488	513
sub-control001	03_H16_combined_small.mp4	199	225
sub-control001	04_S9_combined_small.mp4	759	784
sub-control001	05_K4_combined_small.mp4	956	981
sub-control001	06_H7_combined_small.mp4	395	421
sub-control001	07_K2_combined_small.mp4	988	1011
sub-control001	08_S12_combined_small.mp4	0	30
sub-control001	09_S11_combined_small.mp4	1080	1101
sub-control001	10_S27_combined_small.mp4	792	817
sub-control001	11_K21_long_combined_small.mp4	636	667
sub-control001	12_H37_combined_small.mp4	264	288
sub-control001	13_Trick6_short_combined_small.mp4	427	455
sub-control001	14_K19_long_combined_small.mp4	701	726
sub-control001	15_S18_combined_small.mp4	926	951
sub-control001	16_H19_combined_small.mp4	518	539
sub-control001	17_Trick37_combined_small.mp4	357	389
sub-control001	18_Trick4_combined_small.mp4	68	101
sub-control001	19_H17_combined_small.mp4	598	631
sub-control001	20_Trick20_short_combined_small.mp4	326	348
sub-control001	21_S15_combined_small.mp4	293	318
sub-control001	22_K18_combined_small.mp4	135	155
sub-control001	23_K10_combined_small.mp4	109	130
sub-control001	24_Trick28_combined_small.mp4	822	852
sub-control001	25_S25_combined_small.mp4	884	920
sub-control001	26_S30_combined_small.mp4	544	566
sub-control001	27_S31_combined_small.mp4	731	751
sub-control001	28_K24_combined_small.mp4	857	878
sub-control001	29_H36_combined_small.mp4	1044	1071
sub-control001	30_H15_combined_small.mp4	36	61
sub-control001	31_K3_combined_small.mp4	674	696
sub-control001	32_K16_short_combined_small.mp4	1107	1132
sub-control001	33_S21_combined_small.mp4	571	591
sub-control001	34_Trick38_combined_small.mp4	1016	1039
sub-control001	35_Trick32_long_combined_small.mp4	161	194
sub-control001	36_Trick7_short_combined_small.mp4	460	480
sub-control002	01_H35_combined_small.mp4	453	481
sub-control002	02_H10_combined_small.mp4	323	348
sub-control002	03_H16_combined_small.mp4	515	541
sub-control002	04_S9_combined_small.mp4	234	259
sub-control002	05_K4_combined_small.mp4	677	702
sub-control002	06_H7_combined_small.mp4	173	199
sub-control002	07_K2_combined_small.mp4	1078	1101
sub-control002	08_S12_combined_small.mp4	546	576
sub-control002	09_S11_combined_small.mp4	1022	1043
sub-control002	10_S27_combined_small.mp4	1106	1131
sub-control002	11_K21_long_combined_small.mp4	356	387
sub-control002	12_H37_combined_small.mp4	960	984
sub-control002	13_Trick6_short_combined_small.mp4	866	894
sub-control002	14_K19_long_combined_small.mp4	423	448
sub-control002	15_S18_combined_small.mp4	707	732
sub-control002	16_H19_combined_small.mp4	1049	1070
sub-control002	17_Trick37_combined_small.mp4	67	99
sub-control002	18_Trick4_combined_small.mp4	27	60
sub-control002	19_H17_combined_small.mp4	135	168
sub-control002	20_Trick20_short_combined_small.mp4	293	315
sub-control002	21_S15_combined_small.mp4	991	1016
sub-control002	22_K18_combined_small.mp4	489	509
sub-control002	23_K10_combined_small.mp4	649	670
sub-control002	24_Trick28_combined_small.mp4	925	955
sub-control002	25_S25_combined_small.mp4	608	644
sub-control002	26_S30_combined_small.mp4	0	22
sub-control002	27_S31_combined_small.mp4	581	601
sub-control002	28_K24_combined_small.mp4	108	129
sub-control002	29_H36_combined_small.mp4	833	860
sub-control002	30_H15_combined_small.mp4	204	229
sub-control002	31_K3_combined_small.mp4	266	288
sub-control002	32_K16_short_combined_small.mp4	392	417
sub-control002	33_S21_combined_small.mp4	899	919
sub-control002	34_Trick38_combined_small.mp4	805	828
sub-control002	35_Trick32_long_combined_small.mp4	737	770
sub-control002	36_Trick7_short_combined_small.mp4	778	798
sub-control003	01_H35_combined_small.mp4	118	146
sub-control003	02_H10_combined_small.mp4	863	888
sub-control003	03_H16_combined_small.mp4	406	432
sub-control003	04_S9_combined_small.mp4	1075	1100
sub-control003	05_K4_combined_small.mp4	25	50
sub-control003	06_H7_combined_small.mp4	765	791
sub-control003	07_K2_combined_small.mp4	151	174
sub-control003	08_S12_combined_small.mp4	689	719
sub-control003	09_S11_combined_small.mp4	550	571
sub-control003	10_S27_combined_small.mp4	893	918
sub-control003	11_K21_long_combined_small.mp4	343	374
sub-control003	12_H37_combined_small.mp4	660	684
sub-control003	13_Trick6_short_combined_small.mp4	85	113
sub-control003	14_K19_long_combined_small.mp4	1106	1131
sub-control003	15_S18_combined_small.mp4	987	1012
sub-control003	16_H19_combined_small.mp4	379	400
sub-control003	17_Trick37_combined_small.mp4	724	756
sub-control003	18_Trick4_combined_small.mp4	179	212
sub-control003	19_H17_combined_small.mp4	620	653
sub-control003	20_Trick20_short_combined_small.mp4	1044	1066
sub-control003	21_S15_combined_small.mp4	274	299
sub-control003	22_K18_combined_small.mp4	248	268
sub-control003	23_K10_combined_small.mp4	959	980
sub-control003	24_Trick28_combined_small.mp4	924	954
sub-control003	25_S25_combined_small.mp4	579	615
sub-control003	26_S30_combined_small.mp4	493	515
sub-control003	27_S31_combined_small.mp4	468	488
sub-control003	28_K24_combined_small.mp4	1017	1038
sub-control003	29_H36_combined_small.mp4	307	334
sub-control003	30_H15_combined_small.mp4	217	242
sub-control003	31_K3_combined_small.mp4	836	858
sub-control003	32_K16_short_combined_small.mp4	520	545
sub-control003	33_S21_combined_small.mp4	57	77
sub-control003	34_Trick38_combined_small.mp4	437	460
sub-control003	35_Trick32_long_combined_small.mp4	798	831
sub-control003	36_Trick7_short_combined_small.mp4	0	20
sub-control007	01_H35_combined_small.mp4	738	766
sub-control007	02_H10_combined_small.mp4	379	404
sub-control007	03_H16_combined_small.mp4	319	345
sub-control007	04_S9_combined_small.mp4	203	228
sub-control007	05_K4_combined_small.mp4	649	674
sub-control007	06_H7_combined_small.mp4	121	147
sub-control007	07_K2_combined_small.mp4	350	373
sub-control007	08_S12_combined_small.mp4	907	937
sub-control007	09_S11_combined_small.mp4	841	862
sub-control007	10_S27_combined_small.mp4	62	87
sub-control007	11_K21_long_combined_small.mp4	573	604
sub-control007	12_H37_combined_small.mp4	409	433
sub-control007	13_Trick6_short_combined_small.mp4	27	55
sub-control007	14_K19_long_combined_small.mp4	942	967
sub-control007	15_S18_combined_small.mp4	974	999
sub-control007	16_H19_combined_small.mp4	152	173
sub-control007	17_Trick37_combined_small.mp4	803	835
sub-control007	18_Trick4_combined_small.mp4	609	642
sub-control007	19_H17_combined_small.mp4	503	536
sub-control007	20_Trick20_short_combined_small.mp4	261	283
sub-control007	21_S15_combined_small.mp4	679	704
sub-control007	22_K18_combined_small.mp4	95	115
sub-control007	23_K10_combined_small.mp4	235	256
sub-control007	24_Trick28_combined_small.mp4	441	471
sub-control007	25_S25_combined_small.mp4	1004	1040
sub-control007	26_S30_combined_small.mp4	1109	1131
sub-control007	27_S31_combined_small.mp4	291	311
sub-control007	28_K24_combined_small.mp4	0	21
sub-control007	29_H36_combined_small.mp4	1045	1072
sub-control007	30_H15_combined_small.mp4	773	798
sub-control007	31_K3_combined_small.mp4	476	498
sub-control007	32_K16_short_combined_small.mp4	541	566
sub-control007	33_S21_combined_small.mp4	178	198
sub-control007	34_Trick38_combined_small.mp4	1081	1104
sub-control007	35_Trick32_long_combined_small.mp4	868	901
sub-control007	36_Trick7_short_combined_small.mp4	710	730
sub-control009	01_H35_combined_small.mp4	501	529
sub-control009	02_H10_combined_small.mp4	0	25
sub-control009	03_H16_combined_small.mp4	883	909
sub-control009	04_S9_combined_small.mp4	816	841
sub-control009	05_K4_combined_small.mp4	131	156
sub-control009	06_H7_combined_small.mp4	1012	1038
sub-control009	07_K2_combined_small.mp4	534	557
sub-control009	08_S12_combined_small.mp4	623	653
sub-control009	09_S11_combined_small.mp4	191	212
sub-control009	10_S27_combined_small.mp4	471	496
sub-control009	11_K21_long_combined_small.mp4	847	878
sub-control009	12_H37_combined_small.mp4	953	977
sub-control009	13_Trick6_short_combined_small.mp4	685	713
sub-control009	14_K19_long_combined_small.mp4	161	186
sub-control009	15_S18_combined_small.mp4	786	811
sub-control009	16_H19_combined_small.mp4	363	384
sub-control009	17_Trick37_combined_small.mp4	718	750
sub-control009	18_Trick4_combined_small.mp4	93	126
sub-control009	19_H17_combined_small.mp4	290	323
sub-control009	20_Trick20_short_combined_small.mp4	984	1006
sub-control009	21_S15_combined_small.mp4	59	84
sub-control009	22_K18_combined_small.mp4	597	617
sub-control009	23_K10_combined_small.mp4	415	436
sub-control009	24_Trick28_combined_small.mp4	1043	1073
sub-control009	25_S25_combined_small.mp4	218	254
sub-control009	26_S30_combined_small.mp4	1109	1131
sub-control009	27_S31_combined_small.mp4	759	779
sub-control009	28_K24_combined_small.mp4	441	462
sub-control009	29_H36_combined_small.mp4	562	589
sub-control009	30_H15_combined_small.mp4	260	285
sub-control009	31_K3_combined_small.mp4	30	52
sub-control009	32_K16_short_combined_small.mp4	330	355
sub-control009	33_S21_combined_small.mp4	660	680
sub-control009	34_Trick38_combined_small.mp4	1081	1104
sub-control009	35_Trick32_long_combined_small.mp4	915	948
sub-control009	36_Trick7_short_combined_small.mp4	389	409
sub-control011	01_H35_combined_small.mp4	517	545
sub-control011	02_H10_combined_small.mp4	780	805
sub-control011	03_H16_combined_small.mp4	486	512
sub-control011	04_S9_combined_small.mp4	652	677
sub-control011	05_K4_combined_small.mp4	362	387
sub-control011	06_H7_combined_small.mp4	1105	1131
sub-control011	07_K2_combined_small.mp4	905	928
sub-control011	08_S12_combined_small.mp4	1070	1100
sub-control011	09_S11_combined_small.mp4	431	452
sub-control011	10_S27_combined_small.mp4	182	207
sub-control011	11_K21_long_combined_small.mp4	91	122
sub-control011	12_H37_combined_small.mp4	933	957
sub-control011	13_Trick6_short_combined_small.mp4	711	739
sub-control011	14_K19_long_combined_small.mp4	26	51
sub-control011	15_S18_combined_small.mp4	58	83
sub-control011	16_H19_combined_small.mp4	336	357
sub-control011	17_Trick37_combined_small.mp4	212	244
sub-control011	18_Trick4_combined_small.mp4	964	997
sub-control011	19_H17_combined_small.mp4	393	426
sub-control011	20_Trick20_short_combined_small.mp4	876	898
sub-control011	21_S15_combined_small.mp4	747	772
sub-control011	22_K18_combined_small.mp4	278	298
sub-control011	23_K10_combined_small.mp4	0	21
sub-control011	24_Trick28_combined_small.mp4	582	612
sub-control011	25_S25_combined_small.mp4	810	846
sub-control011	26_S30_combined_small.mp4	1040	1062
sub-control011	27_S31_combined_small.mp4	461	481
sub-control011	28_K24_combined_small.mp4	251	272
sub-control011	29_H36_combined_small.mp4	617	644
sub-control011	30_H15_combined_small.mp4	550	575
sub-control011	31_K3_combined_small.mp4	306	328
sub-control011	32_K16_short_combined_small.mp4	152	177
sub-control011	33_S21_combined_small.mp4	851	871
sub-control011	34_Trick38_combined_small.mp4	683	706
sub-control011	35_Trick32_long_combined_small.mp4	1002	1035
sub-control011	36_Trick7_short_combined_small.mp4	127	147
sub-control013	01_H35_combined_small.mp4	66	94
sub-control013	02_H10_combined_small.mp4	190	215
sub-control013	03_H16_combined_small.mp4	313	339
sub-control013	04_S9_combined_small.mp4	497	522
sub-control013	05_K4_combined_small.mp4	678	703
sub-control013	06_H7_combined_small.mp4	1106	1132
sub-control013	07_K2_combined_small.mp4	162	185
sub-control013	08_S12_combined_small.mp4	889	919
sub-control013	09_S11_combined_small.mp4	776	797
sub-control013	10_S27_combined_small.mp4	805	830
sub-control013	11_K21_long_combined_small.mp4	0	31
sub-control013	12_H37_combined_small.mp4	427	451
sub-control013	13_Trick6_short_combined_small.mp4	1042	1070
sub-control013	14_K19_long_combined_small.mp4	950	975
sub-control013	15_S18_combined_small.mp4	251	276
sub-control013	16_H19_combined_small.mp4	592	613
sub-control013	17_Trick37_combined_small.mp4	708	740
sub-control013	18_Trick4_combined_small.mp4	528	561
sub-control013	19_H17_combined_small.mp4	456	489
sub-control013	20_Trick20_short_combined_small.mp4	1078	1100
sub-control013	21_S15_combined_small.mp4	620	645
sub-control013	22_K18_combined_small.mp4	863	883
sub-control013	23_K10_combined_small.mp4	566	587
sub-control013	24_Trick28_combined_small.mp4	127	157
sub-control013	25_S25_combined_small.mp4	385	421
sub-control013	26_S30_combined_small.mp4	982	1004
sub-control013	27_S31_combined_small.mp4	925	945
sub-control013	28_K24_combined_small.mp4	37	58
sub-control013	29_H36_combined_small.mp4	1009	1036
sub-control013	30_H15_combined_small.mp4	281	306
sub-control013	31_K3_combined_small.mp4	746	768
sub-control013	32_K16_short_combined_small.mp4	220	245
sub-control013	33_S21_combined_small.mp4	651	671
sub-control013	34_Trick38_combined_small.mp4	835	858
sub-control013	35_Trick32_long_combined_small.mp4	347	380
sub-control013	36_Trick7_short_combined_small.mp4	102	122
sub-control015	01_H35_combined_small.mp4	210	238
sub-control015	02_H10_combined_small.mp4	905	930
sub-control015	03_H16_combined_small.mp4	299	325
sub-control015	04_S9_combined_small.mp4	616	641
sub-control015	05_K4_combined_small.mp4	779	804
sub-control015	06_H7_combined_small.mp4	71	97
sub-control015	07_K2_combined_small.mp4	504	527
sub-control015	08_S12_combined_small.mp4	436	466
sub-control015	09_S11_combined_small.mp4	158	179
sub-control015	10_S27_combined_small.mp4	333	358
sub-control015	11_K21_long_combined_small.mp4	868	899
sub-control015	12_H37_combined_small.mp4	839	863
sub-control015	13_Trick6_short_combined_small.mp4	1066	1094
sub-control015	14_K19_long_combined_small.mp4	532	557
sub-control015	15_S18_combined_small.mp4	474	499
sub-control015	16_H19_combined_small.mp4	244	265
sub-control015	17_Trick37_combined_small.mp4	1025	1057
sub-control015	18_Trick4_combined_small.mp4	649	682
sub-control015	19_H17_combined_small.mp4	31	64
sub-control015	20_Trick20_short_combined_small.mp4	105	127
sub-control015	21_S15_combined_small.mp4	363	388
sub-control015	22_K18_combined_small.mp4	722	742
sub-control015	23_K10_combined_small.mp4	751	772
sub-control015	24_Trick28_combined_small.mp4	687	717
sub-control015	25_S25_combined_small.mp4	395	431
sub-control015	26_S30_combined_small.mp4	270	292
sub-control015	27_S31_combined_small.mp4	133	153
sub-control015	28_K24_combined_small.mp4	998	1019
sub-control015	29_H36_combined_small.mp4	965	992
sub-control015	30_H15_combined_small.mp4	0	25
sub-control015	31_K3_combined_small.mp4	562	584
sub-control015	32_K16_short_combined_small.mp4	809	834
sub-control015	33_S21_combined_small.mp4	185	205
sub-control015	34_Trick38_combined_small.mp4	935	958
sub-control015	35_Trick32_long_combined_small.mp4	1099	1132
sub-control015	36_Trick7_short_combined_small.mp4	591	611
sub-control017	01_H35_combined_small.mp4	755	783
sub-control017	02_H10_combined_small.mp4	215	240
sub-control017	03_H16_combined_small.mp4	158	184
sub-control017	04_S9_combined_small.mp4	976	1001
sub-control017	05_K4_combined_small.mp4	489	514
sub-control017	06_H7_combined_small.mp4	583	609
sub-control017	07_K2_combined_small.mp4	826	849
sub-control017	08_S12_combined_small.mp4	519	549
sub-control017	09_S11_combined_small.mp4	462	483
sub-control017	10_S27_combined_small.mp4	681	706
sub-control017	11_K21_long_combined_small.mp4	790	821
sub-control017	12_H37_combined_small.mp4	71	95
sub-control017	13_Trick6_short_combined_small.mp4	341	369
sub-control017	14_K19_long_combined_small.mp4	128	153
sub-control017	15_S18_combined_small.mp4	0	25
sub-control017	16_H19_combined_small.mp4	1007	1028
sub-control017	17_Trick37_combined_small.mp4	643	675
sub-control017	18_Trick4_combined_small.mp4	1099	1132
sub-control017	19_H17_combined_small.mp4	1061	1094
sub-control017	20_Trick20_short_combined_small.mp4	401	423
sub-control017	21_S15_combined_small.mp4	879	904
sub-control017	22_K18_combined_small.mp4	189	209
sub-control017	23_K10_combined_small.mp4	374	395
sub-control017	24_Trick28_combined_small.mp4	911	941
sub-control017	25_S25_combined_small.mp4	711	747
sub-control017	26_S30_combined_small.mp4	554	576
sub-control017	27_S31_combined_small.mp4	854	874
sub-control017	28_K24_combined_small.mp4	614	635
sub-control017	29_H36_combined_small.mp4	246	273
sub-control017	30_H15_combined_small.mp4	279	304
sub-control017	31_K3_combined_small.mp4	311	333
sub-control017	32_K16_short_combined_small.mp4	429	454
sub-control017	33_S21_combined_small.mp4	103	123
sub-control017	34_Trick38_combined_small.mp4	946	969
sub-control017	35_Trick32_long_combined_small.mp4	31	64
sub-control017	36_Trick7_short_combined_small.mp4	1033	1053
sub-control019	01_H35_combined_small.mp4	567	595
sub-control019	02_H10_combined_small.mp4	864	889
sub-control019	03_H16_combined_small.mp4	448	474
sub-control019	04_S9_combined_small.mp4	217	242
sub-control019	05_K4_combined_small.mp4	392	417
sub-control019	06_H7_combined_small.mp4	1020	1046
sub-control019	07_K2_combined_small.mp4	955	978
sub-control019	08_S12_combined_small.mp4	985	1015
sub-control019	09_S11_combined_small.mp4	540	561
sub-control019	10_S27_combined_small.mp4	67	92
sub-control019	11_K21_long_combined_small.mp4	356	387
sub-control019	12_H37_combined_small.mp4	150	174
sub-control019	13_Trick6_short_combined_small.mp4	922	950
sub-control019	14_K19_long_combined_small.mp4	602	627
sub-control019	15_S18_combined_small.mp4	35	60
sub-control019	16_H19_combined_small.mp4	838	859
sub-control019	17_Trick37_combined_small.mp4	179	211
sub-control019	18_Trick4_combined_small.mp4	698	731
sub-control019	19_H17_combined_small.mp4	282	315
sub-control019	20_Trick20_short_combined_small.mp4	1108	1130
sub-control019	21_S15_combined_small.mp4	322	347
sub-control019	22_K18_combined_small.mp4	672	692
sub-control019	23_K10_combined_small.mp4	736	757
sub-control019	24_Trick28_combined_small.mp4	0	30
sub-control019	25_S25_combined_small.mp4	765	801
sub-control019	26_S30_combined_small.mp4	1081	1103
sub-control019	27_S31_combined_small.mp4	100	120
sub-control019	28_K24_combined_small.mp4	1051	1072
sub-control019	29_H36_combined_small.mp4	249	276
sub-control019	30_H15_combined_small.mp4	510	535
sub-control019	31_K3_combined_small.mp4	894	916
sub-control019	32_K16_short_combined_small.mp4	808	833
sub-control019	33_S21_combined_small.mp4	125	145
sub-control019	34_Trick38_combined_small.mp4	482	505
sub-control019	35_Trick32_long_combined_small.mp4	632	665
sub-control019	36_Trick7_short_combined_small.mp4	423	443
sub-control021	01_H35_combined_small.mp4	38	66
sub-control021	02_H10_combined_small.mp4	1004	1029
sub-control021	03_H16_combined_small.mp4	1105	1131
sub-control021	04_S9_combined_small.mp4	691	716
sub-control021	05_K4_combined_small.mp4	808	833
sub-control021	06_H7_combined_small.mp4	480	506
sub-control021	07_K2_combined_small.mp4	900	923
sub-control021	08_S12_combined_small.mp4	224	254
sub-control021	09_S11_combined_small.mp4	132	153
sub-control021	10_S27_combined_small.mp4	661	686
sub-control021	11_K21_long_combined_small.mp4	838	869
sub-control021	12_H37_combined_small.mp4	577	601
sub-control021	13_Trick6_short_combined_small.mp4	287	315
sub-control021	14_K19_long_combined_small.mp4	322	347
sub-control021	15_S18_combined_small.mp4	102	127
sub-control021	16_H19_combined_small.mp4	608	629
sub-control021	17_Trick37_combined_small.mp4	539	571
sub-control021	18_Trick4_combined_small.mp4	1034	1067
sub-control021	19_H17_combined_small.mp4	0	33
sub-control021	20_Trick20_short_combined_small.mp4	511	533
sub-control021	21_S15_combined_small.mp4	446	471
sub-control021	22_K18_combined_small.mp4	722	742
sub-control021	23_K10_combined_small.mp4	73	94
sub-control021	24_Trick28_combined_small.mp4	355	385
sub-control021	25_S25_combined_small.mp4	963	999
sub-control021	26_S30_combined_small.mp4	197	219
sub-control021	27_S31_combined_small.mp4	783	803
sub-control021	28_K24_combined_small.mp4	260	281
sub-control021	29_H36_combined_small.mp4	928	955
sub-control021	30_H15_combined_small.mp4	751	776
sub-control021	31_K3_combined_small.mp4	419	441
sub-control021	32_K16_short_combined_small.mp4	1075	1100
sub-control021	33_S21_combined_small.mp4	634	654
sub-control021	34_Trick38_combined_small.mp4	390	413
sub-control021	35_Trick32_long_combined_small.mp4	159	192
sub-control021	36_Trick7_short_combined_small.mp4	874	894
sub-control023	01_H35_combined_small.mp4	378	406
sub-control023	02_H10_combined_small.mp4	901	926
sub-control023	03_H16_combined_small.mp4	737	763
sub-control023	04_S9_combined_small.mp4	195	220
sub-control023	05_K4_combined_small.mp4	135	160
sub-control023	06_H7_combined_small.mp4	544	570
sub-control023	07_K2_combined_small.mp4	516	539
sub-control023	08_S12_combined_small.mp4	664	694
sub-control023	09_S11_combined_small.mp4	320	341
sub-control023	10_S27_combined_small.mp4	932	957
sub-control023	11_K21_long_combined_small.mp4	99	130
sub-control023	12_H37_combined_small.mp4	834	858
sub-control023	13_Trick6_short_combined_small.mp4	1103	1131
sub-control023	14_K19_long_combined_small.mp4	38	63
sub-control023	15_S18_combined_small.mp4	1016	1041
sub-control023	16_H19_combined_small.mp4	265	286
sub-control023	17_Trick37_combined_small.mp4	699	731
sub-control023	18_Trick4_combined_small.mp4	863	896
sub-control023	19_H17_combined_small.mp4	226	259
sub-control023	20_Trick20_short_combined_small.mp4	350	372
sub-control023	21_S15_combined_small.mp4	803	828
sub-control023	22_K18_combined_small.mp4	70	90
sub-control023	23_K10_combined_small.mp4	1046	1067
sub-control023	24_Trick28_combined_small.mp4	602	632
sub-control023	25_S25_combined_small.mp4	475	511
sub-control023	26_S30_combined_small.mp4	445	467
sub-control023	27_S31_combined_small.mp4	991	1011
sub-control023	28_K24_combined_small.mp4	291	312
sub-control023	29_H36_combined_small.mp4	412	439
sub-control023	30_H15_combined_small.mp4	771	796
sub-control023	31_K3_combined_small.mp4	962	984
sub-control023	32_K16_short_combined_small.mp4	165	190
sub-control023	33_S21_combined_small.mp4	637	657
sub-control023	34_Trick38_combined_small.mp4	1075	1098
sub-control023	35_Trick32_long_combined_small.mp4	0	33
sub-control023	36_Trick7_short_combined_small.mp4	575	595
sub-control025	01_H35_combined_small.mp4	99	127
sub-control025	02_H10_combined_small.mp4	0	25
sub-control025	03_H16_combined_small.mp4	65	91
sub-control025	04_S9_combined_small.mp4	694	719
sub-control025	05_K4_combined_small.mp4	902	927
sub-control025	06_H7_combined_small.mp4	474	500
sub-control025	07_K2_combined_small.mp4	1108	1131
sub-control025	08_S12_combined_small.mp4	1032	1062
sub-control025	09_S11_combined_small.mp4	541	562
sub-control025	10_S27_combined_small.mp4	787	812
sub-control025	11_K21_long_combined_small.mp4	505	536
sub-control025	12_H37_combined_small.mp4	725	749
sub-control025	13_Trick6_short_combined_small.mp4	999	1027
sub-control025	14_K19_long_combined_small.mp4	294	319
sub-control025	15_S18_combined_small.mp4	364	389
sub-control025	16_H19_combined_small.mp4	445	466
sub-control025	17_Trick37_combined_small.mp4	132	164
sub-control025	18_Trick4_combined_small.mp4	961	994
sub-control025	19_H17_combined_small.mp4	1070	1103
sub-control025	20_Trick20_short_combined_small.mp4	757	779
sub-control025	21_S15_combined_small.mp4	623	648
sub-control025	22_K18_combined_small.mp4	568	588
sub-control025	23_K10_combined_small.mp4	817	838
sub-control025	24_Trick28_combined_small.mp4	326	356
sub-control025	25_S25_combined_small.mp4	170	206
sub-control025	26_S30_combined_small.mp4	596	618
sub-control025	27_S31_combined_small.mp4	420	440
sub-control025	28_K24_combined_small.mp4	241	262
sub-control025	29_H36_combined_small.mp4	30	57
sub-control025	30_H15_combined_small.mp4	211	236
sub-control025	31_K3_combined_small.mp4	932	954
sub-control025	32_K16_short_combined_small.mp4	843	868
sub-control025	33_S21_combined_small.mp4	269	289
sub-control025	34_Trick38_combined_small.mp4	873	896
sub-control025	35_Trick32_long_combined_small.mp4	656	689
sub-control025	36_Trick7_short_combined_small.mp4	394	414
sub-control027	01_H35_combined_small.mp4	299	327
sub-control027	02_H10_combined_small.mp4	458	483
sub-control027	03_H16_combined_small.mp4	911	937
sub-control027	04_S9_combined_small.mp4	394	419
sub-control027	05_K4_combined_small.mp4	839	864
sub-control027	06_H7_combined_small.mp4	1105	1131
sub-control027	07_K2_combined_small.mp4	1010	1033
sub-control027	08_S12_combined_small.mp4	643	673
sub-control027	09_S11_combined_small.mp4	54	75
sub-control027	10_S27_combined_small.mp4	240	265
sub-control027	11_K21_long_combined_small.mp4	84	115
sub-control027	12_H37_combined_small.mp4	780	804
sub-control027	13_Trick6_short_combined_small.mp4	716	744
sub-control027	14_K19_long_combined_small.mp4	335	360
sub-control027	15_S18_combined_small.mp4	425	450
sub-control027	16_H19_combined_small.mp4	145	166
sub-control027	17_Trick37_combined_small.mp4	1038	1070
sub-control027	18_Trick4_combined_small.mp4	576	609
sub-control027	19_H17_combined_small.mp4	678	711
sub-control027	20_Trick20_short_combined_small.mp4	546	568
sub-control027	21_S15_combined_small.mp4	942	967
sub-control027	22_K18_combined_small.mp4	1079	1099
sub-control027	23_K10_combined_small.mp4	752	773
sub-control027	24_Trick28_combined_small.mp4	975	1005
sub-control027	25_S25_combined_small.mp4	869	905
sub-control027	26_S30_combined_small.mp4	25	47
sub-control027	27_S31_combined_small.mp4	521	541
sub-control027	28_K24_combined_small.mp4	270	291
sub-control027	29_H36_combined_small.mp4	488	515
sub-control027	30_H15_combined_small.mp4	171	196
sub-control027	31_K3_combined_small.mp4	614	636
sub-control027	32_K16_short_combined_small.mp4	809	834
sub-control027	33_S21_combined_small.mp4	120	140
sub-control027	34_Trick38_combined_small.mp4	365	388
sub-control027	35_Trick32_long_combined_small.mp4	201	234
sub-control027	36_Trick7_short_combined_small.mp4	0	20
sub-control029	01_H35_combined_small.mp4	1103	1131
sub-control029	02_H10_combined_small.mp4	154	179
sub-control029	03_H16_combined_small.mp4	361	387
sub-control029	04_S9_combined_small.mp4	1001	1026
sub-control029	05_K4_combined_small.mp4	209	234
sub-control029	06_H7_combined_small.mp4	420	446
sub-control029	07_K2_combined_small.mp4	624	647
sub-control029	08_S12_combined_small.mp4	966	996
sub-control029	09_S11_combined_small.mp4	680	701
sub-control029	10_S27_combined_small.mp4	96	121
sub-control029	11_K21_long_combined_small.mp4	873	904
sub-control029	12_H37_combined_small.mp4	595	619
sub-control029	13_Trick6_short_combined_small.mp4	0	28
sub-control029	14_K19_long_combined_small.mp4	748	773
sub-control029	15_S18_combined_small.mp4	1032	1057
sub-control029	16_H19_combined_small.mp4	278	299
sub-control029	17_Trick37_combined_small.mp4	240	272
sub-control029	18_Trick4_combined_small.mp4	555	588
sub-control029	19_H17_combined_small.mp4	1065	1098
sub-control029	20_Trick20_short_combined_small.mp4	126	148
sub-control029	21_S15_combined_small.mp4	842	867
sub-control029	22_K18_combined_small.mp4	938	958
sub-control029	23_K10_combined_small.mp4	654	675
sub-control029	24_Trick28_combined_small.mp4	807	837
sub-control029	25_S25_combined_small.mp4	484	520
sub-control029	26_S30_combined_small.mp4	393	415
sub-control029	27_S31_combined_small.mp4	68	88
sub-control029	28_K24_combined_small.mp4	780	801
sub-control029	29_H36_combined_small.mp4	33	60
sub-control029	30_H15_combined_small.mp4	454	479
sub-control029	31_K3_combined_small.mp4	306	328
sub-control029	32_K16_short_combined_small.mp4	525	550
sub-control029	33_S21_combined_small.mp4	336	356
sub-control029	34_Trick38_combined_small.mp4	910	933
sub-control029	35_Trick32_long_combined_small.mp4	707	740
sub-control029	36_Trick7_short_combined_small.mp4	184	204
sub-control031	01_H35_combined_small.mp4	580	608
sub-control031	02_H10_combined_small.mp4	676	701
sub-control031	03_H16_combined_small.mp4	645	671
sub-control031	04_S9_combined_small.mp4	179	204
sub-control031	05_K4_combined_small.mp4	298	323
sub-control031	06_H7_combined_small.mp4	1047	1073
sub-control031	07_K2_combined_small.mp4	447	470
sub-control031	08_S12_combined_small.mp4	0	30
sub-control031	09_S11_combined_small.mp4	417	438
sub-control031	10_S27_combined_small.mp4	68	93
sub-control031	11_K21_long_combined_small.mp4	842	873
sub-control031	12_H37_combined_small.mp4	737	761
sub-control031	13_Trick6_short_combined_small.mp4	809	837
sub-control031	14_K19_long_combined_small.mp4	238	263
sub-control031	15_S18_combined_small.mp4	1017	1042
sub-control031	16_H19_combined_small.mp4	331	352
sub-control031	17_Trick37_combined_small.mp4	475	507
sub-control031	18_Trick4_combined_small.mp4	939	972
sub-control031	19_H17_combined_small.mp4	979	1012
sub-control031	20_Trick20_short_combined_small.mp4	268	290
sub-control031	21_S15_combined_small.mp4	1081	1106
sub-control031	22_K18_combined_small.mp4	391	411
sub-control031	23_K10_combined_small.mp4	101	122
sub-control031	24_Trick28_combined_small.mp4	904	934
sub-control031	25_S25_combined_small.mp4	768	804
sub-control031	26_S30_combined_small.mp4	210	232
sub-control031	27_S31_combined_small.mp4	1112	1132
sub-control031	28_K24_combined_small.mp4	513	534
sub-control031	29_H36_combined_small.mp4	357	384
sub-control031	30_H15_combined_small.mp4	613	638
sub-control031	31_K3_combined_small.mp4	127	149
sub-control031	32_K16_short_combined_small.mp4	36	61
sub-control031	33_S21_combined_small.mp4	154	174
sub-control031	34_Trick38_combined_small.mp4	706	729
sub-control031	35_Trick32_long_combined_small.mp4	540	573
sub-control031	36_Trick7_short_combined_small.mp4	878	898
sub-control033	01_H35_combined_small.mp4	644	672
sub-control033	02_H10_combined_small.mp4	707	732
sub-control033	03_H16_combined_small.mp4	1037	1063
sub-control033	04_S9_combined_small.mp4	391	416
sub-control033	05_K4_combined_small.mp4	584	609
sub-control033	06_H7_combined_small.mp4	423	449
sub-control033	07_K2_combined_small.mp4	258	281
sub-control033	08_S12_combined_small.mp4	356	386
sub-control033	09_S11_combined_small.mp4	77	98
sub-control033	10_S27_combined_small.mp4	913	938
sub-control033	11_K21_long_combined_small.mp4	1101	1132
sub-control033	12_H37_combined_small.mp4	806	830
sub-control033	13_Trick6_short_combined_small.mp4	0	28
sub-control033	14_K19_long_combined_small.mp4	189	214
sub-control033	15_S18_combined_small.mp4	1071	1096
sub-control033	16_H19_combined_small.mp4	525	546
sub-control033	17_Trick37_combined_small.mp4	286	318
sub-control033	18_Trick4_combined_small.mp4	766	799
sub-control033	19_H17_combined_small.mp4	487	520
sub-control033	20_Trick20_short_combined_small.mp4	679	701
sub-control033	21_S15_combined_small.mp4	107	132
sub-control033	22_K18_combined_small.mp4	138	158
sub-control033	23_K10_combined_small.mp4	737	758
sub-control033	24_Trick28_combined_small.mp4	1002	1032
sub-control033	25_S25_combined_small.mp4	34	70
sub-control033	26_S30_combined_small.mp4	975	997
sub-control033	27_S31_combined_small.mp4	164	184
sub-control033	28_K24_combined_small.mp4	860	881
sub-control033	29_H36_combined_small.mp4	551	578
sub-control033	30_H15_combined_small.mp4	943	968
sub-control033	31_K3_combined_small.mp4	326	348
sub-control033	32_K16_short_combined_small.mp4	454	479
sub-control033	33_S21_combined_small.mp4	887	907
sub-control033	34_Trick38_combined_small.mp4	616	639
sub-control033	35_Trick32_long_combined_small.mp4	219	252
sub-control033	36_Trick7_short_combined_small.mp4	835	855
sub-control035	01_H35_combined_small.mp4	482	510
sub-control035	02_H10_combined_small.mp4	1018	1043
sub-control035	03_H16_combined_small.mp4	195	221
sub-control035	04_S9_combined_small.mp4	260	285
sub-control035	05_K4_combined_small.mp4	823	848
sub-control035	06_H7_combined_small.mp4	448	474
sub-control035	07_K2_combined_small.mp4	1108	1131
sub-control035	08_S12_combined_small.mp4	133	163
sub-control035	09_S11_combined_small.mp4	65	86
sub-control035	10_S27_combined_small.mp4	1078	1103
sub-control035	11_K21_long_combined_small.mp4	385	416
sub-control035	12_H37_combined_small.mp4	957	981
sub-control035	13_Trick6_short_combined_small.mp4	647	675
sub-control035	14_K19_long_combined_small.mp4	709	734
sub-control035	15_S18_combined_small.mp4	988	1013
sub-control035	16_H19_combined_small.mp4	422	443
sub-control035	17_Trick37_combined_small.mp4	95	127
sub-control035	18_Trick4_combined_small.mp4	291	324
sub-control035	19_H17_combined_small.mp4	919	952
sub-control035	20_Trick20_short_combined_small.mp4	767	789
sub-control035	21_S15_combined_small.mp4	616	641
sub-control035	22_K18_combined_small.mp4	797	817
sub-control035	23_K10_combined_small.mp4	331	352
sub-control035	24_Trick28_combined_small.mp4	853	883
sub-control035	25_S25_combined_small.mp4	543	579
sub-control035	26_S30_combined_small.mp4	168	190
sub-control035	27_S31_combined_small.mp4	739	759
sub-control035	28_K24_combined_small.mp4	682	703
sub-control035	29_H36_combined_small.mp4	226	253
sub-control035	30_H15_combined_small.mp4	584	609
sub-control035	31_K3_combined_small.mp4	1048	1070
sub-control035	32_K16_short_combined_small.mp4	888	913
sub-control035	33_S21_combined_small.mp4	360	380
sub-control035	34_Trick38_combined_small.mp4	515	538
sub-control035	35_Trick32_long_combined_small.mp4	0	33
sub-control035	36_Trick7_short_combined_small.mp4	38	58
sub-control037	01_H35_combined_small.mp4	796	824
sub-control037	02_H10_combined_small.mp4	1106	1131
sub-control037	03_H16_combined_small.mp4	730	756
sub-control037	04_S9_combined_small.mp4	608	633
sub-control037	05_K4_combined_small.mp4	512	537
sub-control037	06_H7_combined_small.mp4	669	695
sub-control037	07_K2_combined_small.mp4	484	507
sub-control037	08_S12_combined_small.mp4	261	291
sub-control037	09_S11_combined_small.mp4	867	888
sub-control037	10_S27_combined_small.mp4	116	141
sub-control037	11_K21_long_combined_small.mp4	1070	1101
sub-control037	12_H37_combined_small.mp4	358	382
sub-control037	13_Trick6_short_combined_small.mp4	26	54
sub-control037	14_K19_long_combined_small.mp4	920	945
sub-control037	15_S18_combined_small.mp4	764	789
sub-control037	16_H19_combined_small.mp4	0	21
sub-control037	17_Trick37_combined_small.mp4	222	254
sub-control037	18_Trick4_combined_small.mp4	568	601
sub-control037	19_H17_combined_small.mp4	387	420
sub-control037	20_Trick20_short_combined_small.mp4	639	661
sub-control037	21_S15_combined_small.mp4	324	349
sub-control037	22_K18_combined_small.mp4	542	562
sub-control037	23_K10_combined_small.mp4	296	317
sub-control037	24_Trick28_combined_small.mp4	187	217
sub-control037	25_S25_combined_small.mp4	146	182
sub-control037	26_S30_combined_small.mp4	89	111
sub-control037	27_S31_combined_small.mp4	61	81
sub-control037	28_K24_combined_small.mp4	454	475
sub-control037	29_H36_combined_small.mp4	982	1009
sub-control037	30_H15_combined_small.mp4	700	725
sub-control037	31_K3_combined_small.mp4	1015	1037
sub-control037	32_K16_short_combined_small.mp4	950	975
sub-control037	33_S21_combined_small.mp4	894	914
sub-control037	34_Trick38_combined_small.mp4	426	449
sub-control037	35_Trick32_long_combined_small.mp4	829	862
sub-control037	36_Trick7_short_combined_small.mp4	1042	1062
sub-control039	01_H35_combined_small.mp4	740	768
sub-control039	02_H10_combined_small.mp4	93	118
sub-control039	03_H16_combined_small.mp4	26	52
sub-control039	04_S9_combined_small.mp4	59	84
sub-control039	05_K4_combined_small.mp4	592	617
sub-control039	06_H7_combined_small.mp4	830	856
sub-control039	07_K2_combined_small.mp4	317	340
sub-control039	08_S12_combined_small.mp4	968	998
sub-control039	09_S11_combined_small.mp4	675	696
sub-control039	10_S27_combined_small.mp4	401	426
sub-control039	11_K21_long_combined_small.mp4	497	528
sub-control039	12_H37_combined_small.mp4	1033	1057
sub-control039	13_Trick6_short_combined_small.mp4	464	492
sub-control039	14_K19_long_combined_small.mp4	431	456
sub-control039	15_S18_combined_small.mp4	1106	1131
sub-control039	16_H19_combined_small.mp4	289	310
sub-control039	17_Trick37_combined_small.mp4	148	180
sub-control039	18_Trick4_combined_small.mp4	890	923
sub-control039	19_H17_combined_small.mp4	928	961
sub-control039	20_Trick20_short_combined_small.mp4	775	797
sub-control039	21_S15_combined_small.mp4	258	283
sub-control039	22_K18_combined_small.mp4	0	20
sub-control039	23_K10_combined_small.mp4	622	643
sub-control039	24_Trick28_combined_small.mp4	702	732
sub-control039	25_S25_combined_small.mp4	1065	1101
sub-control039	26_S30_combined_small.mp4	803	825
sub-control039	27_S31_combined_small.mp4	375	395
sub-control039	28_K24_combined_small.mp4	348	369
sub-control039	29_H36_combined_small.mp4	186	213
sub-control039	30_H15_combined_small.mp4	533	558
sub-control039	31_K3_combined_small.mp4	563	585
sub-control039	32_K16_short_combined_small.mp4	1003	1028
sub-control039	33_S21_combined_small.mp4	650	670
sub-control039	34_Trick38_combined_small.mp4	861	884
sub-control039	35_Trick32_long_combined_small.mp4	219	252
sub-control039	36_Trick7_short_combined_small.mp4	123	143
sub-control041	01_H35_combined_small.mp4	175	203
sub-control041	02_H10_combined_small.mp4	422	447
sub-control041	03_H16_combined_small.mp4	1006	1032
sub-control041	04_S9_combined_small.mp4	75	100
sub-control041	05_K4_combined_small.mp4	762	787
sub-control041	06_H7_combined_small.mp4	565	591
sub-control041	07_K2_combined_small.mp4	331	354
sub-control041	08_S12_combined_small.mp4	0	30
sub-control041	09_S11_combined_small.mp4	538	559
sub-control041	10_S27_combined_small.mp4	508	533
sub-control041	11_K21_long_combined_small.mp4	823	854
sub-control041	12_H37_combined_small.mp4	794	818
sub-control041	13_Trick6_short_combined_small.mp4	142	170
sub-control041	14_K19_long_combined_small.mp4	636	661
sub-control041	15_S18_combined_small.mp4	1037	1062
sub-control041	16_H19_combined_small.mp4	940	961
sub-control041	17_Trick37_combined_small.mp4	668	700
sub-control041	18_Trick4_combined_small.mp4	35	68
sub-control041	19_H17_combined_small.mp4	598	631
sub-control041	20_Trick20_short_combined_small.mp4	362	384
sub-control041	21_S15_combined_small.mp4	390	415
sub-control041	22_K18_combined_small.mp4	482	502
sub-control041	23_K10_combined_small.mp4	914	935
sub-control041	24_Trick28_combined_small.mp4	264	294
sub-control041	25_S25_combined_small.mp4	1095	1131
sub-control041	26_S30_combined_small.mp4	452	474
sub-control041	27_S31_combined_small.mp4	238	258
sub-control041	28_K24_combined_small.mp4	859	880
sub-control041	29_H36_combined_small.mp4	109	136
sub-control041	30_H15_combined_small.mp4	208	233
sub-control041	31_K3_combined_small.mp4	886	908
sub-control041	32_K16_short_combined_small.mp4	299	324
sub-control041	33_S21_combined_small.mp4	1070	1090
sub-control041	34_Trick38_combined_small.mp4	706	729
sub-control041	35_Trick32_long_combined_small.mp4	968	1001
sub-control041	36_Trick7_short_combined_small.mp4	734	754
sub-control043	01_H35_combined_small.mp4	30	58
sub-control043	02_H10_combined_small.mp4	732	757
sub-control043	03_H16_combined_small.mp4	440	466
sub-control043	04_S9_combined_small.mp4	860	885
sub-control043	05_K4_combined_small.mp4	0	25
sub-control043	06_H7_combined_small.mp4	982	1008
sub-control043	07_K2_combined_small.mp4	471	494
sub-control043	08_S12_combined_small.mp4	612	642
sub-control043	09_S11_combined_small.mp4	1074	1095
sub-control043	10_S27_combined_small.mp4	891	916
sub-control043	11_K21_long_combined_small.mp4	824	855
sub-control043	12_H37_combined_small.mp4	581	605
sub-control043	13_Trick6_short_combined_small.mp4	120	148
sub-control043	14_K19_long_combined_small.mp4	794	819
sub-control043	15_S18_combined_small.mp4	299	324
sub-control043	16_H19_combined_small.mp4	555	576
sub-control043	17_Trick37_combined_small.mp4	261	293
sub-control043	18_Trick4_combined_small.mp4	184	217
sub-control043	19_H17_combined_small.mp4	331	364
sub-control043	20_Trick20_short_combined_small.mp4	527	549
sub-control043	21_S15_combined_small.mp4	153	178
sub-control043	22_K18_combined_small.mp4	647	667
sub-control043	23_K10_combined_small.mp4	413	434
sub-control043	24_Trick28_combined_small.mp4	1101	1131
sub-control043	25_S25_combined_small.mp4	372	408
sub-control043	26_S30_combined_small.mp4	65	87
sub-control043	27_S31_combined_small.mp4	922	942
sub-control043	28_K24_combined_small.mp4	765	786
sub-control043	29_H36_combined_small.mp4	947	974
sub-control043	30_H15_combined_small.mp4	702	727
sub-control043	31_K3_combined_small.mp4	675	697
sub-control043	32_K16_short_combined_small.mp4	1041	1066
sub-control043	33_S21_combined_small.mp4	502	522
sub-control043	34_Trick38_combined_small.mp4	1013	1036
sub-control043	35_Trick32_long_combined_small.mp4	222	255
sub-control043	36_Trick7_short_combined_small.mp4	95	115
sub-control045	01_H35_combined_small.mp4	31	59
sub-control045	02_H10_combined_small.mp4	589	614
sub-control045	03_H16_combined_small.mp4	717	743
sub-control045	04_S9_combined_small.mp4	437	462
sub-control045	05_K4_combined_small.mp4	751	776
sub-control045	06_H7_combined_small.mp4	99	125
sub-control045	07_K2_combined_small.mp4	1011	1034
sub-control045	08_S12_combined_small.mp4	1102	1132
sub-control045	09_S11_combined_small.mp4	207	228
sub-control045	10_S27_combined_small.mp4	889	914
sub-control045	11_K21_long_combined_small.mp4	920	951
sub-control045	12_H37_combined_small.mp4	1039	1063
sub-control045	13_Trick6_short_combined_small.mp4	684	712
sub-control045	14_K19_long_combined_small.mp4	0	25
sub-control045	15_S18_combined_small.mp4	368	393
sub-control045	16_H19_combined_small.mp4	155	176
sub-control045	17_Trick37_combined_small.mp4	399	431
sub-control045	18_Trick4_combined_small.mp4	330	363
sub-control045	19_H17_combined_small.mp4	646	679
sub-control045	20_Trick20_short_combined_small.mp4	983	1005
sub-control045	21_S15_combined_small.mp4	1071	1096
sub-control045	22_K18_combined_small.mp4	181	201
sub-control045	23_K10_combined_small.mp4	504	525
sub-control045	24_Trick28_combined_small.mp4	292	322
sub-control045	25_S25_combined_small.mp4	810	846
sub-control045	26_S30_combined_small.mp4	263	285
sub-control045	27_S31_combined_small.mp4	956	976
sub-control045	28_K24_combined_small.mp4	783	804
sub-control045	29_H36_combined_small.mp4	471	498
sub-control045	30_H15_combined_small.mp4	66	91
sub-control045	31_K3_combined_small.mp4	530	552
sub-control045	32_K16_short_combined_small.mp4	557	582
sub-control045	33_S21_combined_small.mp4	619	639
sub-control045	34_Trick38_combined_small.mp4	235	258
sub-control045	35_Trick32_long_combined_small.mp4	851	884
sub-control045	36_Trick7_short_combined_small.mp4	130	150
sub-control047	01_H35_combined_small.mp4	216	244
sub-control047	02_H10_combined_small.mp4	1019	1044
sub-control047	03_H16_combined_small.mp4	0	26
sub-control047	04_S9_combined_small.mp4	130	155
sub-control047	05_K4_combined_small.mp4	250	275
sub-control047	06_H7_combined_small.mp4	579	605
sub-control047	07_K2_combined_small.mp4	391	414
sub-control047	08_S12_combined_small.mp4	919	949
sub-control047	09_S11_combined_small.mp4	1083	1104
sub-control047	10_S27_combined_small.mp4	612	637
sub-control047	11_K21_long_combined_small.mp4	476	507
sub-control047	12_H37_combined_small.mp4	512	536
sub-control047	13_Trick6_short_combined_small.mp4	954	982
sub-control047	14_K19_long_combined_small.mp4	642	667
sub-control047	15_S18_combined_small.mp4	804	829
sub-control047	16_H19_combined_small.mp4	31	52
sub-control047	17_Trick37_combined_small.mp4	323	355
sub-control047	18_Trick4_combined_small.mp4	764	797
sub-control047	19_H17_combined_small.mp4	59	92
sub-control047	20_Trick20_short_combined_small.mp4	161	183
sub-control047	21_S15_combined_small.mp4	1049	1074
sub-control047	22_K18_combined_small.mp4	1110	1130
sub-control047	23_K10_combined_small.mp4	834	855
sub-control047	24_Trick28_combined_small.mp4	726	756
sub-control047	25_S25_combined_small.mp4	280	316
sub-control047	26_S30_combined_small.mp4	674	696
sub-control047	27_S31_combined_small.mp4	893	913
sub-control047	28_K24_combined_small.mp4	364	385
sub-control047	29_H36_combined_small.mp4	860	887
sub-control047	30_H15_combined_small.mp4	100	125
sub-control047	31_K3_combined_small.mp4	189	211
sub-control047	32_K16_short_combined_small.mp4	989	1014
sub-control047	33_S21_combined_small.mp4	701	721
sub-control047	34_Trick38_combined_small.mp4	420	443
sub-control047	35_Trick32_long_combined_small.mp4	541	574
sub-control047	36_Trick7_short_combined_small.mp4	448	468
sub-control049	01_H35_combined_small.mp4	337	365
sub-control049	02_H10_combined_small.mp4	1018	1043
sub-control049	03_H16_combined_small.mp4	1106	1132
sub-control049	04_S9_combined_small.mp4	250	275
sub-control049	05_K4_combined_small.mp4	876	901
sub-control049	06_H7_combined_small.mp4	0	26
sub-control049	07_K2_combined_small.mp4	469	492
sub-control049	08_S12_combined_small.mp4	678	708
sub-control049	09_S11_combined_small.mp4	551	572
sub-control049	10_S27_combined_small.mp4	648	673
sub-control049	11_K21_long_combined_small.mp4	580	611
sub-control049	12_H37_combined_small.mp4	220	244
sub-control049	13_Trick6_short_combined_small.mp4	945	973
sub-control049	14_K19_long_combined_small.mp4	1048	1073
sub-control049	15_S18_combined_small.mp4	110	135
sub-control049	16_H19_combined_small.mp4	308	329
sub-control049	17_Trick37_combined_small.mp4	980	1012
sub-control049	18_Trick4_combined_small.mp4	713	746
sub-control049	19_H17_combined_small.mp4	32	65
sub-control049	20_Trick20_short_combined_small.mp4	192	214
sub-control049	21_S15_combined_small.mp4	845	870
sub-control049	22_K18_combined_small.mp4	440	460
sub-control049	23_K10_combined_small.mp4	819	840
sub-control049	24_Trick28_combined_small.mp4	72	102
sub-control049	25_S25_combined_small.mp4	370	406
sub-control049	26_S30_combined_small.mp4	497	519
sub-control049	27_S31_combined_small.mp4	1081	1101
sub-control049	28_K24_combined_small.mp4	140	161
sub-control049	29_H36_combined_small.mp4	754	781
sub-control049	30_H15_combined_small.mp4	789	814
sub-control049	31_K3_combined_small.mp4	524	546
sub-control049	32_K16_short_combined_small.mp4	616	641
sub-control049	33_S21_combined_small.mp4	281	301
sub-control049	34_Trick38_combined_small.mp4	412	435
sub-control049	35_Trick32_long_combined_small.mp4	907	940
sub-control049	36_Trick7_short_combined_small.mp4	167	187
sub-experimental004	01_H35_combined_small.mp4	229	257
sub-experimental004	02_H10_combined_small.mp4	487	512
sub-experimental004	03_H16_combined_small.mp4	198	224
sub-experimental004	04_S9_combined_small.mp4	758	783
sub-experimental004	05_K4_combined_small.mp4	955	980
sub-experimental004	06_H7_combined_small.mp4	394	420
sub-experimental004	07_K2_combined_small.mp4	987	1010
sub-experimental004	08_S12_combined_small.mp4	0	30
sub-experimental004	09_S11_combined_small.mp4	1079	1100
sub-experimental004	10_S27_combined_small.mp4	791	816
sub-experimental004	11_K21_long_combined_small.mp4	635	666
sub-experimental004	12_H37_combined_small.mp4	263	287
sub-experimental004	13_Trick6_short_combined_small.mp4	426	454
sub-experimental004	14_K19_long_combined_small.mp4	700	725
sub-experimental004	15_S18_combined_small.mp4	925	950
sub-experimental004	16_H19_combined_small.mp4	517	538
sub-experimental004	17_Trick37_combined_small.mp4	356	388
sub-experimental004	18_Trick4_combined_small.mp4	67	100
sub-experimental004	19_H17_combined_small.mp4	597	630
sub-experimental004	20_Trick20_short_combined_small.mp4	325	347
sub-experimental004	21_S15_combined_small.mp4	292	317
sub-experimental004	22_K18_combined_small.mp4	134	154
sub-experimental004	23_K10_combined_small.mp4	108	129
sub-experimental004	24_Trick28_combined_small.mp4	821	851
sub-experimental004	25_S25_combined_small.mp4	883	919
sub-experimental004	26_S30_combined_small.mp4	543	565
sub-experimental004	27_S31_combined_small.mp4	730	750
sub-experimental004	28_K24_combined_small.mp4	856	877
sub-experimental004	29_H36_combined_small.mp4	1043	1070
sub-experimental004	30_H15_combined_small.mp4	35	60
sub-experimental004	31_K3_combined_small.mp4	673	695
sub-experimental004	32_K16_short_combined_small.mp4	1106	1131
sub-experimental004	33_S21_combined_small.mp4	570	590
sub-experimental004	34_Trick38_combined_small.mp4	1015	1038
sub-experimental004	35_Trick32_long_combined_small.mp4	160	193
sub-experimental004	36_Trick7_short_combined_small.mp4	459	479
sub-experimental005	01_H35_combined_small.mp4	453	481
sub-experimental005	02_H10_combined_small.mp4	323	348
sub-experimental005	03_H16_combined_small.mp4	515	541
sub-experimental005	04_S9_combined_small.mp4	234	259
sub-experimental005	05_K4_combined_small.mp4	677	702
sub-experimental005	06_H7_combined_small.mp4	173	199
sub-experimental005	07_K2_combined_small.mp4	1078	1101
sub-experimental005	08_S12_combined_small.mp4	546	576
sub-experimental005	09_S11_combined_small.mp4	1022	1043
sub-experimental005	10_S27_combined_small.mp4	1106	1131
sub-experimental005	11_K21_long_combined_small.mp4	356	387
sub-experimental005	12_H37_combined_small.mp4	960	984
sub-experimental005	13_Trick6_short_combined_small.mp4	866	894
sub-experimental005	14_K19_long_combined_small.mp4	423	448
sub-experimental005	15_S18_combined_small.mp4	707	732
sub-experimental005	16_H19_combined_small.mp4	1049	1070
sub-experimental005	17_Trick37_combined_small.mp4	67	99
sub-experimental005	18_Trick4_combined_small.mp4	27	60
sub-experimental005	19_H17_combined_small.mp4	135	168
sub-experimental005	20_Trick20_short_combined_small.mp4	293	315
sub-experimental005	21_S15_combined_small.mp4	991	1016
sub-experimental005	22_K18_combined_small.mp4	489	509
sub-experimental005	23_K10_combined_small.mp4	649	670
sub-experimental005	24_Trick28_combined_small.mp4	925	955
sub-experimental005	25_S25_combined_small.mp4	608	644
sub-experimental005	26_S30_combined_small.mp4	0	22
sub-experimental005	27_S31_combined_small.mp4	581	601
sub-experimental005	28_K24_combined_small.mp4	108	129
sub-experimental005	29_H36_combined_small.mp4	833	860
sub-experimental005	30_H15_combined_small.mp4	204	229
sub-experimental005	31_K3_combined_small.mp4	266	288
sub-experimental005	32_K16_short_combined_small.mp4	392	417
sub-experimental005	33_S21_combined_small.mp4	899	919
sub-experimental005	34_Trick38_combined_small.mp4	805	828
sub-experimental005	35_Trick32_long_combined_small.mp4	737	770
sub-experimental005	36_Trick7_short_combined_small.mp4	778	798
sub-experimental006	01_H35_combined_small.mp4	118	146
sub-experimental006	02_H10_combined_small.mp4	863	888
sub-experimental006	03_H16_combined_small.mp4	406	432
sub-experimental006	04_S9_combined_small.mp4	1075	1100
sub-experimental006	05_K4_combined_small.mp4	25	50
sub-experimental006	06_H7_combined_small.mp4	765	791
sub-experimental006	07_K2_combined_small.mp4	151	174
sub-experimental006	08_S12_combined_small.mp4	689	719
sub-experimental006	09_S11_combined_small.mp4	550	571
sub-experimental006	10_S27_combined_small.mp4	893	918
sub-experimental006	11_K21_long_combined_small.mp4	343	374
sub-experimental006	12_H37_combined_small.mp4	660	684
sub-experimental006	13_Trick6_short_combined_small.mp4	85	113
sub-experimental006	14_K19_long_combined_small.mp4	1106	1131
sub-experimental006	15_S18_combined_small.mp4	987	1012
sub-experimental006	16_H19_combined_small.mp4	379	400
sub-experimental006	17_Trick37_combined_small.mp4	724	756
sub-experimental006	18_Trick4_combined_small.mp4	179	212
sub-experimental006	19_H17_combined_small.mp4	620	653
sub-experimental006	20_Trick20_short_combined_small.mp4	1044	1066
sub-experimental006	21_S15_combined_small.mp4	274	299
sub-experimental006	22_K18_combined_small.mp4	248	268
sub-experimental006	23_K10_combined_small.mp4	959	980
sub-experimental006	24_Trick28_combined_small.mp4	924	954
sub-experimental006	25_S25_combined_small.mp4	579	615
sub-experimental006	26_S30_combined_small.mp4	493	515
sub-experimental006	27_S31_combined_small.mp4	468	488
sub-experimental006	28_K24_combined_small.mp4	1017	1038
sub-experimental006	29_H36_combined_small.mp4	307	334
sub-experimental006	30_H15_combined_small.mp4	217	242
sub-experimental006	31_K3_combined_small.mp4	836	858
sub-experimental006	32_K16_short_combined_small.mp4	520	545
sub-experimental006	33_S21_combined_small.mp4	57	77
sub-experimental006	34_Trick38_combined_small.mp4	437	460
sub-experimental006	35_Trick32_long_combined_small.mp4	798	831
sub-experimental006	36_Trick7_short_combined_small.mp4	0	20
sub-experimental008	01_H35_combined_small.mp4	738	766
sub-experimental008	02_H10_combined_small.mp4	379	404
sub-experimental008	03_H16_combined_small.mp4	319	345
sub-experimental008	04_S9_combined_small.mp4	203	228
sub-experimental008	05_K4_combined_small.mp4	649	674
sub-experimental008	06_H7_combined_small.mp4	121	147
sub-experimental008	07_K2_combined_small.mp4	350	373
sub-experimental008	08_S12_combined_small.mp4	907	937
sub-experimental008	09_S11_combined_small.mp4	841	862
sub-experimental008	10_S27_combined_small.mp4	62	87
sub-experimental008	11_K21_long_combined_small.mp4	573	604
sub-experimental008	12_H37_combined_small.mp4	409	433
sub-experimental008	13_Trick6_short_combined_small.mp4	27	55
sub-experimental008	14_K19_long_combined_small.mp4	942	967
sub-experimental008	15_S18_combined_small.mp4	974	999
sub-experimental008	16_H19_combined_small.mp4	152	173
sub-experimental008	17_Trick37_combined_small.mp4	803	835
sub-experimental008	18_Trick4_combined_small.mp4	609	642
sub-experimental008	19_H17_combined_small.mp4	503	536
sub-experimental008	20_Trick20_short_combined_small.mp4	261	283
sub-experimental008	21_S15_combined_small.mp4	679	704
sub-experimental008	22_K18_combined_small.mp4	95	115
sub-experimental008	23_K10_combined_small.mp4	235	256
sub-experimental008	24_Trick28_combined_small.mp4	441	471
sub-experimental008	25_S25_combined_small.mp4	1004	1040
sub-experimental008	26_S30_combined_small.mp4	1109	1131
sub-experimental008	27_S31_combined_small.mp4	291	311
sub-experimental008	28_K24_combined_small.mp4	0	21
sub-experimental008	29_H36_combined_small.mp4	1045	1072
sub-experimental008	30_H15_combined_small.mp4	773	798
sub-experimental008	31_K3_combined_small.mp4	476	498
sub-experimental008	32_K16_short_combined_small.mp4	541	566
sub-experimental008	33_S21_combined_small.mp4	178	198
sub-experimental008	34_Trick38_combined_small.mp4	1081	1104
sub-experimental008	35_Trick32_long_combined_small.mp4	868	901
sub-experimental008	36_Trick7_short_combined_small.mp4	710	730
sub-experimental010	01_H35_combined_small.mp4	501	529
sub-experimental010	02_H10_combined_small.mp4	0	25
sub-experimental010	03_H16_combined_small.mp4	883	909
sub-experimental010	04_S9_combined_small.mp4	816	841
sub-experimental010	05_K4_combined_small.mp4	131	156
sub-experimental010	06_H7_combined_small.mp4	1012	1038
sub-experimental010	07_K2_combined_small.mp4	534	557
sub-experimental010	08_S12_combined_small.mp4	623	653
sub-experimental010	09_S11_combined_small.mp4	191	212
sub-experimental010	10_S27_combined_small.mp4	471	496
sub-experimental010	11_K21_long_combined_small.mp4	847	878
sub-experimental010	12_H37_combined_small.mp4	953	977
sub-experimental010	13_Trick6_short_combined_small.mp4	685	713
sub-experimental010	14_K19_long_combined_small.mp4	161	186
sub-experimental010	15_S18_combined_small.mp4	786	811
sub-experimental010	16_H19_combined_small.mp4	363	384
sub-experimental010	17_Trick37_combined_small.mp4	718	750
sub-experimental010	18_Trick4_combined_small.mp4	93	126
sub-experimental010	19_H17_combined_small.mp4	290	323
sub-experimental010	20_Trick20_short_combined_small.mp4	984	1006
sub-experimental010	21_S15_combined_small.mp4	59	84
sub-experimental010	22_K18_combined_small.mp4	597	617
sub-experimental010	23_K10_combined_small.mp4	415	436
sub-experimental010	24_Trick28_combined_small.mp4	1043	1073
sub-experimental010	25_S25_combined_small.mp4	218	254
sub-experimental010	26_S30_combined_small.mp4	1109	1131
sub-experimental010	27_S31_combined_small.mp4	759	779
sub-experimental010	28_K24_combined_small.mp4	441	462
sub-experimental010	29_H36_combined_small.mp4	562	589
sub-experimental010	30_H15_combined_small.mp4	260	285
sub-experimental010	31_K3_combined_small.mp4	30	52
sub-experimental010	32_K16_short_combined_small.mp4	330	355
sub-experimental010	33_S21_combined_small.mp4	660	680
sub-experimental010	34_Trick38_combined_small.mp4	1081	1104
sub-experimental010	35_Trick32_long_combined_small.mp4	915	948
sub-experimental010	36_Trick7_short_combined_small.mp4	389	409
sub-experimental012	01_H35_combined_small.mp4	518	546
sub-experimental012	02_H10_combined_small.mp4	781	806
sub-experimental012	03_H16_combined_small.mp4	487	513
sub-experimental012	04_S9_combined_small.mp4	653	678
sub-experimental012	05_K4_combined_small.mp4	363	388
sub-experimental012	06_H7_combined_small.mp4	1106	1132
sub-experimental012	07_K2_combined_small.mp4	906	929
sub-experimental012	08_S12_combined_small.mp4	1071	1101
sub-experimental012	09_S11_combined_small.mp4	432	453
sub-experimental012	10_S27_combined_small.mp4	183	208
sub-experimental012	11_K21_long_combined_small.mp4	92	123
sub-experimental012	12_H37_combined_small.mp4	934	958
sub-experimental012	13_Trick6_short_combined_small.mp4	712	740
sub-experimental012	14_K19_long_combined_small.mp4	27	52
sub-experimental012	15_S18_combined_small.mp4	59	84
sub-experimental012	16_H19_combined_small.mp4	337	358
sub-experimental012	17_Trick37_combined_small.mp4	213	245
sub-experimental012	18_Trick4_combined_small.mp4	965	998
sub-experimental012	19_H17_combined_small.mp4	394	427
sub-experimental012	20_Trick20_short_combined_small.mp4	877	899
sub-experimental012	21_S15_combined_small.mp4	748	773
sub-experimental012	22_K18_combined_small.mp4	279	299
sub-experimental012	23_K10_combined_small.mp4	0	21
sub-experimental012	24_Trick28_combined_small.mp4	583	613
sub-experimental012	25_S25_combined_small.mp4	811	847
sub-experimental012	26_S30_combined_small.mp4	1041	1063
sub-experimental012	27_S31_combined_small.mp4	462	482
sub-experimental012	28_K24_combined_small.mp4	252	273
sub-experimental012	29_H36_combined_small.mp4	618	645
sub-experimental012	30_H15_combined_small.mp4	551	576
sub-experimental012	31_K3_combined_small.mp4	307	329
sub-experimental012	32_K16_short_combined_small.mp4	153	178
sub-experimental012	33_S21_combined_small.mp4	852	872
sub-experimental012	34_Trick38_combined_small.mp4	684	707
sub-experimental012	35_Trick32_long_combined_small.mp4	1003	1036
sub-experimental012	36_Trick7_short_combined_small.mp4	128	148
sub-experimental014	01_H35_combined_small.mp4	66	94
sub-experimental014	02_H10_combined_small.mp4	190	215
sub-experimental014	03_H16_combined_small.mp4	313	339
sub-experimental014	04_S9_combined_small.mp4	497	522
sub-experimental014	05_K4_combined_small.mp4	678	703
sub-experimental014	06_H7_combined_small.mp4	1106	1132
sub-experimental014	07_K2_combined_small.mp4	162	185
sub-experimental014	08_S12_combined_small.mp4	889	919
sub-experimental014	09_S11_combined_small.mp4	776	797
sub-experimental014	10_S27_combined_small.mp4	805	830
sub-experimental014	11_K21_long_combined_small.mp4	0	31
sub-experimental014	12_H37_combined_small.mp4	427	451
sub-experimental014	13_Trick6_short_combined_small.mp4	1042	1070
sub-experimental014	14_K19_long_combined_small.mp4	950	975
sub-experimental014	15_S18_combined_small.mp4	251	276
sub-experimental014	16_H19_combined_small.mp4	592	613
sub-experimental014	17_Trick37_combined_small.mp4	708	740
sub-experimental014	18_Trick4_combined_small.mp4	528	561
sub-experimental014	19_H17_combined_small.mp4	456	489
sub-experimental014	20_Trick20_short_combined_small.mp4	1078	1100
sub-experimental014	21_S15_combined_small.mp4	620	645
sub-experimental014	22_K18_combined_small.mp4	863	883
sub-experimental014	23_K10_combined_small.mp4	566	587
sub-experimental014	24_Trick28_combined_small.mp4	127	157
sub-experimental014	25_S25_combined_small.mp4	385	421
sub-experimental014	26_S30_combined_small.mp4	982	1004
sub-experimental014	27_S31_combined_small.mp4	925	945
sub-experimental014	28_K24_combined_small.mp4	37	58
sub-experimental014	29_H36_combined_small.mp4	1009	1036
sub-experimental014	30_H15_combined_small.mp4	281	306
sub-experimental014	31_K3_combined_small.mp4	746	768
sub-experimental014	32_K16_short_combined_small.mp4	220	245
sub-experimental014	33_S21_combined_small.mp4	651	671
sub-experimental014	34_Trick38_combined_small.mp4	835	858
sub-experimental014	35_Trick32_long_combined_small.mp4	347	380
sub-experimental014	36_Trick7_short_combined_small.mp4	102	122
sub-experimental016	01_H35_combined_small.mp4	210	238
sub-experimental016	02_H10_combined_small.mp4	905	930
sub-experimental016	03_H16_combined_small.mp4	299	325
sub-experimental016	04_S9_combined_small.mp4	616	641
sub-experimental016	05_K4_combined_small.mp4	779	804
sub-experimental016	06_H7_combined_small.mp4	71	97
sub-experimental016	07_K2_combined_small.mp4	504	527
sub-experimental016	08_S12_combined_small.mp4	436	466
sub-experimental016	09_S11_combined_small.mp4	158	179
sub-experimental016	10_S27_combined_small.mp4	333	358
sub-experimental016	11_K21_long_combined_small.mp4	868	899
sub-experimental016	12_H37_combined_small.mp4	839	863
sub-experimental016	13_Trick6_short_combined_small.mp4	1066	1094
sub-experimental016	14_K19_long_combined_small.mp4	532	557
sub-experimental016	15_S18_combined_small.mp4	474	499
sub-experimental016	16_H19_combined_small.mp4	244	265
sub-experimental016	17_Trick37_combined_small.mp4	1025	1057
sub-experimental016	18_Trick4_combined_small.mp4	649	682
sub-experimental016	19_H17_combined_small.mp4	31	64
sub-experimental016	20_Trick20_short_combined_small.mp4	105	127
sub-experimental016	21_S15_combined_small.mp4	363	388
sub-experimental016	22_K18_combined_small.mp4	722	742
sub-experimental016	23_K10_combined_small.mp4	751	772
sub-experimental016	24_Trick28_combined_small.mp4	687	717
sub-experimental016	25_S25_combined_small.mp4	395	431
sub-experimental016	26_S30_combined_small.mp4	270	292
sub-experimental016	27_S31_combined_small.mp4	133	153
sub-experimental016	28_K24_combined_small.mp4	998	1019
sub-experimental016	29_H36_combined_small.mp4	965	992
sub-experimental016	30_H15_combined_small.mp4	0	25
sub-experimental016	31_K3_combined_small.mp4	562	584
sub-experimental016	32_K16_short_combined_small.mp4	809	834
sub-experimental016	33_S21_combined_small.mp4	185	205
sub-experimental016	34_Trick38_combined_small.mp4	935	958
sub-experimental016	35_Trick32_long_combined_small.mp4	1099	1132
sub-experimental016	36_Trick7_short_combined_small.mp4	591	611
sub-experimental018	01_H35_combined_small.mp4	755	783
sub-experimental018	02_H10_combined_small.mp4	215	240
sub-experimental018	03_H16_combined_small.mp4	158	184
sub-experimental018	04_S9_combined_small.mp4	976	1001
sub-experimental018	05_K4_combined_small.mp4	489	514
sub-experimental018	06_H7_combined_small.mp4	583	609
sub-experimental018	07_K2_combined_small.mp4	826	849
sub-experimental018	08_S12_combined_small.mp4	519	549
sub-experimental018	09_S11_combined_small.mp4	462	483
sub-experimental018	10_S27_combined_small.mp4	681	706
sub-experimental018	11_K21_long_combined_small.mp4	790	821
sub-experimental018	12_H37_combined_small.mp4	71	95
sub-experimental018	13_Trick6_short_combined_small.mp4	341	369
sub-experimental018	14_K19_long_combined_small.mp4	128	153
sub-experimental018	15_S18_combined_small.mp4	0	25
sub-experimental018	16_H19_combined_small.mp4	1007	1028
sub-experimental018	17_Trick37_combined_small.mp4	643	675
sub-experimental018	18_Trick4_combined_small.mp4	1099	1132
sub-experimental018	19_H17_combined_small.mp4	1061	1094
sub-experimental018	20_Trick20_short_combined_small.mp4	401	423
sub-experimental018	21_S15_combined_small.mp4	879	904
sub-experimental018	22_K18_combined_small.mp4	189	209
sub-experimental018	23_K10_combined_small.mp4	374	395
sub-experimental018	24_Trick28_combined_small.mp4	911	941
sub-experimental018	25_S25_combined_small.mp4	711	747
sub-experimental018	26_S30_combined_small.mp4	554	576
sub-experimental018	27_S31_combined_small.mp4	854	874
sub-experimental018	28_K24_combined_small.mp4	614	635
sub-experimental018	29_H36_combined_small.mp4	246	273
sub-experimental018	30_H15_combined_small.mp4	279	304
sub-experimental018	31_K3_combined_small.mp4	311	333
sub-experimental018	32_K16_short_combined_small.mp4	429	454
sub-experimental018	33_S21_combined_small.mp4	103	123
sub-experimental018	34_Trick38_combined_small.mp4	946	969
sub-experimental018	35_Trick32_long_combined_small.mp4	31	64
sub-experimental018	36_Trick7_short_combined_small.mp4	1033	1053
sub-experimental020	01_H35_combined_small.mp4	567	595
sub-experimental020	02_H10_combined_small.mp4	864	889
sub-experimental020	03_H16_combined_small.mp4	448	474
sub-experimental020	04_S9_combined_small.mp4	217	242
sub-experimental020	05_K4_combined_small.mp4	392	417
sub-experimental020	06_H7_combined_small.mp4	1020	1046
sub-experimental020	07_K2_combined_small.mp4	955	978
sub-experimental020	08_S12_combined_small.mp4	985	1015
sub-experimental020	09_S11_combined_small.mp4	540	561
sub-experimental020	10_S27_combined_small.mp4	67	92
sub-experimental020	11_K21_long_combined_small.mp4	356	387
sub-experimental020	12_H37_combined_small.mp4	150	174
sub-experimental020	13_Trick6_short_combined_small.mp4	922	950
sub-experimental020	14_K19_long_combined_small.mp4	602	627
sub-experimental020	15_S18_combined_small.mp4	35	60
sub-experimental020	16_H19_combined_small.mp4	838	859
sub-experimental020	17_Trick37_combined_small.mp4	179	211
sub-experimental020	18_Trick4_combined_small.mp4	698	731
sub-experimental020	19_H17_combined_small.mp4	282	315
sub-experimental020	20_Trick20_short_combined_small.mp4	1108	1130
sub-experimental020	21_S15_combined_small.mp4	322	347
sub-experimental020	22_K18_combined_small.mp4	672	692
sub-experimental020	23_K10_combined_small.mp4	736	757
sub-experimental020	24_Trick28_combined_small.mp4	0	30
sub-experimental020	25_S25_combined_small.mp4	765	801
sub-experimental020	26_S30_combined_small.mp4	1081	1103
sub-experimental020	27_S31_combined_small.mp4	100	120
sub-experimental020	28_K24_combined_small.mp4	1051	1072
sub-experimental020	29_H36_combined_small.mp4	249	276
sub-experimental020	30_H15_combined_small.mp4	510	535
sub-experimental020	31_K3_combined_small.mp4	894	916
sub-experimental020	32_K16_short_combined_small.mp4	808	833
sub-experimental020	33_S21_combined_small.mp4	125	145
sub-experimental020	34_Trick38_combined_small.mp4	482	505
sub-experimental020	35_Trick32_long_combined_small.mp4	632	665
sub-experimental020	36_Trick7_short_combined_small.mp4	423	443
sub-experimental022	01_H35_combined_small.mp4	38	66
sub-experimental022	02_H10_combined_small.mp4	1004	1029
sub-experimental022	03_H16_combined_small.mp4	1105	1131
sub-experimental022	04_S9_combined_small.mp4	691	716
sub-experimental022	05_K4_combined_small.mp4	808	833
sub-experimental022	06_H7_combined_small.mp4	480	506
sub-experimental022	07_K2_combined_small.mp4	900	923
sub-experimental022	08_S12_combined_small.mp4	224	254
sub-experimental022	09_S11_combined_small.mp4	132	153
sub-experimental022	10_S27_combined_small.mp4	661	686
sub-experimental022	11_K21_long_combined_small.mp4	838	869
sub-experimental022	12_H37_combined_small.mp4	577	601
sub-experimental022	13_Trick6_short_combined_small.mp4	287	315
sub-experimental022	14_K19_long_combined_small.mp4	322	347
sub-experimental022	15_S18_combined_small.mp4	102	127
sub-experimental022	16_H19_combined_small.mp4	608	629
sub-experimental022	17_Trick37_combined_small.mp4	539	571
sub-experimental022	18_Trick4_combined_small.mp4	1034	1067
sub-experimental022	19_H17_combined_small.mp4	0	33
sub-experimental022	20_Trick20_short_combined_small.mp4	511	533
sub-experimental022	21_S15_combined_small.mp4	446	471
sub-experimental022	22_K18_combined_small.mp4	722	742
sub-experimental022	23_K10_combined_small.mp4	73	94
sub-experimental022	24_Trick28_combined_small.mp4	355	385
sub-experimental022	25_S25_combined_small.mp4	963	999
sub-experimental022	26_S30_combined_small.mp4	197	219
sub-experimental022	27_S31_combined_small.mp4	783	803
sub-experimental022	28_K24_combined_small.mp4	260	281
sub-experimental022	29_H36_combined_small.mp4	928	955
sub-experimental022	30_H15_combined_small.mp4	751	776
sub-experimental022	31_K3_combined_small.mp4	419	441
sub-experimental022	32_K16_short_combined_small.mp4	1075	1100
sub-experimental022	33_S21_combined_small.mp4	634	654
sub-experimental022	34_Trick38_combined_small.mp4	390	413
sub-experimental022	35_Trick32_long_combined_small.mp4	159	192
sub-experimental022	36_Trick7_short_combined_small.mp4	874	894
sub-experimental024	01_H35_combined_small.mp4	378	406
sub-experimental024	02_H10_combined_small.mp4	901	926
sub-experimental024	03_H16_combined_small.mp4	737	763
sub-experimental024	04_S9_combined_small.mp4	195	220
sub-experimental024	05_K4_combined_small.mp4	135	160
sub-experimental024	06_H7_combined_small.mp4	544	570
sub-experimental024	07_K2_combined_small.mp4	516	539
sub-experimental024	08_S12_combined_small.mp4	664	694
sub-experimental024	09_S11_combined_small.mp4	320	341
sub-experimental024	10_S27_combined_small.mp4	932	957
sub-experimental024	11_K21_long_combined_small.mp4	99	130
sub-experimental024	12_H37_combined_small.mp4	834	858
sub-experimental024	13_Trick6_short_combined_small.mp4	1103	1131
sub-experimental024	14_K19_long_combined_small.mp4	38	63
sub-experimental024	15_S18_combined_small.mp4	1016	1041
sub-experimental024	16_H19_combined_small.mp4	265	286
sub-experimental024	17_Trick37_combined_small.mp4	699	731
sub-experimental024	18_Trick4_combined_small.mp4	863	896
sub-experimental024	19_H17_combined_small.mp4	226	259
sub-experimental024	20_Trick20_short_combined_small.mp4	350	372
sub-experimental024	21_S15_combined_small.mp4	803	828
sub-experimental024	22_K18_combined_small.mp4	70	90
sub-experimental024	23_K10_combined_small.mp4	1046	1067
sub-experimental024	24_Trick28_combined_small.mp4	602	632
sub-experimental024	25_S25_combined_small.mp4	475	511
sub-experimental024	26_S30_combined_small.mp4	445	467
sub-experimental024	27_S31_combined_small.mp4	991	1011
sub-experimental024	28_K24_combined_small.mp4	291	312
sub-experimental024	29_H36_combined_small.mp4	412	439
sub-experimental024	30_H15_combined_small.mp4	771	796
sub-experimental024	31_K3_combined_small.mp4	962	984
sub-experimental024	32_K16_short_combined_small.mp4	165	190
sub-experimental024	33_S21_combined_small.mp4	637	657
sub-experimental024	34_Trick38_combined_small.mp4	1075	1098
sub-experimental024	35_Trick32_long_combined_small.mp4	0	33
sub-experimental024	36_Trick7_short_combined_small.mp4	575	595
sub-experimental026	01_H35_combined_small.mp4	99	127
sub-experimental026	02_H10_combined_small.mp4	0	25
sub-experimental026	03_H16_combined_small.mp4	65	91
sub-experimental026	04_S9_combined_small.mp4	694	719
sub-experimental026	05_K4_combined_small.mp4	902	927
sub-experimental026	06_H7_combined_small.mp4	474	500
sub-experimental026	07_K2_combined_small.mp4	1108	1131
sub-experimental026	08_S12_combined_small.mp4	1032	1062
sub-experimental026	09_S11_combined_small.mp4	541	562
sub-experimental026	10_S27_combined_small.mp4	787	812
sub-experimental026	11_K21_long_combined_small.mp4	505	536
sub-experimental026	12_H37_combined_small.mp4	725	749
sub-experimental026	13_Trick6_short_combined_small.mp4	999	1027
sub-experimental026	14_K19_long_combined_small.mp4	294	319
sub-experimental026	15_S18_combined_small.mp4	364	389
sub-experimental026	16_H19_combined_small.mp4	445	466
sub-experimental026	17_Trick37_combined_small.mp4	132	164
sub-experimental026	18_Trick4_combined_small.mp4	961	994
sub-experimental026	19_H17_combined_small.mp4	1070	1103
sub-experimental026	20_Trick20_short_combined_small.mp4	757	779
sub-experimental026	21_S15_combined_small.mp4	623	648
sub-experimental026	22_K18_combined_small.mp4	568	588
sub-experimental026	23_K10_combined_small.mp4	817	838
sub-experimental026	24_Trick28_combined_small.mp4	326	356
sub-experimental026	25_S25_combined_small.mp4	170	206
sub-experimental026	26_S30_combined_small.mp4	596	618
sub-experimental026	27_S31_combined_small.mp4	420	440
sub-experimental026	28_K24_combined_small.mp4	241	262
sub-experimental026	29_H36_combined_small.mp4	30	57
sub-experimental026	30_H15_combined_small.mp4	211	236
sub-experimental026	31_K3_combined_small.mp4	932	954
sub-experimental026	32_K16_short_combined_small.mp4	843	868
sub-experimental026	33_S21_combined_small.mp4	269	289
sub-experimental026	34_Trick38_combined_small.mp4	873	896
sub-experimental026	35_Trick32_long_combined_small.mp4	656	689
sub-experimental026	36_Trick7_short_combined_small.mp4	394	414
sub-experimental028	01_H35_combined_small.mp4	299	327
sub-experimental028	02_H10_combined_small.mp4	458	483
sub-experimental028	03_H16_combined_small.mp4	911	937
sub-experimental028	04_S9_combined_small.mp4	394	419
sub-experimental028	05_K4_combined_small.mp4	839	864
sub-experimental028	06_H7_combined_small.mp4	1105	1131
sub-experimental028	07_K2_combined_small.mp4	1010	1033
sub-experimental028	08_S12_combined_small.mp4	643	673
sub-experimental028	09_S11_combined_small.mp4	54	75
sub-experimental028	10_S27_combined_small.mp4	240	265
sub-experimental028	11_K21_long_combined_small.mp4	84	115
sub-experimental028	12_H37_combined_small.mp4	780	804
sub-experimental028	13_Trick6_short_combined_small.mp4	716	744
sub-experimental028	14_K19_long_combined_small.mp4	335	360
sub-experimental028	15_S18_combined_small.mp4	425	450
sub-experimental028	16_H19_combined_small.mp4	145	166
sub-experimental028	17_Trick37_combined_small.mp4	1038	1070
sub-experimental028	18_Trick4_combined_small.mp4	576	609
sub-experimental028	19_H17_combined_small.mp4	678	711
sub-experimental028	20_Trick20_short_combined_small.mp4	546	568
sub-experimental028	21_S15_combined_small.mp4	942	967
sub-experimental028	22_K18_combined_small.mp4	1079	1099
sub-experimental028	23_K10_combined_small.mp4	752	773
sub-experimental028	24_Trick28_combined_small.mp4	975	1005
sub-experimental028	25_S25_combined_small.mp4	869	905
sub-experimental028	26_S30_combined_small.mp4	25	47
sub-experimental028	27_S31_combined_small.mp4	521	541
sub-experimental028	28_K24_combined_small.mp4	270	291
sub-experimental028	29_H36_combined_small.mp4	488	515
sub-experimental028	30_H15_combined_small.mp4	171	196
sub-experimental028	31_K3_combined_small.mp4	614	636
sub-experimental028	32_K16_short_combined_small.mp4	809	834
sub-experimental028	33_S21_combined_small.mp4	120	140
sub-experimental028	34_Trick38_combined_small.mp4	365	388
sub-experimental028	35_Trick32_long_combined_small.mp4	201	234
sub-experimental028	36_Trick7_short_combined_small.mp4	0	20
sub-experimental030	01_H35_combined_small.mp4	1104	1132
sub-experimental030	02_H10_combined_small.mp4	155	180
sub-experimental030	03_H16_combined_small.mp4	362	388
sub-experimental030	04_S9_combined_small.mp4	1002	1027
sub-experimental030	05_K4_combined_small.mp4	210	235
sub-experimental030	06_H7_combined_small.mp4	421	447
sub-experimental030	07_K2_combined_small.mp4	625	648
sub-experimental030	08_S12_combined_small.mp4	967	997
sub-experimental030	09_S11_combined_small.mp4	681	702
sub-experimental030	10_S27_combined_small.mp4	97	122
sub-experimental030	11_K21_long_combined_small.mp4	874	905
sub-experimental030	12_H37_combined_small.mp4	596	620
sub-experimental030	13_Trick6_short_combined_small.mp4	0	28
sub-experimental030	14_K19_long_combined_small.mp4	749	774
sub-experimental030	15_S18_combined_small.mp4	1033	1058
sub-experimental030	16_H19_combined_small.mp4	279	300
sub-experimental030	17_Trick37_combined_small.mp4	241	273
sub-experimental030	18_Trick4_combined_small.mp4	556	589
sub-experimental030	19_H17_combined_small.mp4	1066	1099
sub-experimental030	20_Trick20_short_combined_small.mp4	127	149
sub-experimental030	21_S15_combined_small.mp4	843	868
sub-experimental030	22_K18_combined_small.mp4	939	959
sub-experimental030	23_K10_combined_small.mp4	655	676
sub-experimental030	24_Trick28_combined_small.mp4	808	838
sub-experimental030	25_S25_combined_small.mp4	485	521
sub-experimental030	26_S30_combined_small.mp4	394	416
sub-experimental030	27_S31_combined_small.mp4	69	89
sub-experimental030	28_K24_combined_small.mp4	781	802
sub-experimental030	29_H36_combined_small.mp4	34	61
sub-experimental030	30_H15_combined_small.mp4	455	480
sub-experimental030	31_K3_combined_small.mp4	307	329
sub-experimental030	32_K16_short_combined_small.mp4	526	551
sub-experimental030	33_S21_combined_small.mp4	337	357
sub-experimental030	34_Trick38_combined_small.mp4	911	934
sub-experimental030	35_Trick32_long_combined_small.mp4	708	741
sub-experimental030	36_Trick7_short_combined_small.mp4	185	205
sub-experimental032	01_H35_combined_small.mp4	580	608
sub-experimental032	02_H10_combined_small.mp4	676	701
sub-experimental032	03_H16_combined_small.mp4	645	671
sub-experimental032	04_S9_combined_small.mp4	179	204
sub-experimental032	05_K4_combined_small.mp4	298	323
sub-experimental032	06_H7_combined_small.mp4	1047	1073
sub-experimental032	07_K2_combined_small.mp4	447	470
sub-experimental032	08_S12_combined_small.mp4	0	30
sub-experimental032	09_S11_combined_small.mp4	417	438
sub-experimental032	10_S27_combined_small.mp4	68	93
sub-experimental032	11_K21_long_combined_small.mp4	842	873
sub-experimental032	12_H37_combined_small.mp4	737	761
sub-experimental032	13_Trick6_short_combined_small.mp4	809	837
sub-experimental032	14_K19_long_combined_small.mp4	238	263
sub-experimental032	15_S18_combined_small.mp4	1017	1042
sub-experimental032	16_H19_combined_small.mp4	331	352
sub-experimental032	17_Trick37_combined_small.mp4	475	507
sub-experimental032	18_Trick4_combined_small.mp4	939	972
sub-experimental032	19_H17_combined_small.mp4	979	1012
sub-experimental032	20_Trick20_short_combined_small.mp4	268	290
sub-experimental032	21_S15_combined_small.mp4	1081	1106
sub-experimental032	22_K18_combined_small.mp4	391	411
sub-experimental032	23_K10_combined_small.mp4	101	122
sub-experimental032	24_Trick28_combined_small.mp4	904	934
sub-experimental032	25_S25_combined_small.mp4	768	804
sub-experimental032	26_S30_combined_small.mp4	210	232
sub-experimental032	27_S31_combined_small.mp4	1112	1132
sub-experimental032	28_K24_combined_small.mp4	513	534
sub-experimental032	29_H36_combined_small.mp4	357	384
sub-experimental032	30_H15_combined_small.mp4	613	638
sub-experimental032	31_K3_combined_small.mp4	127	149
sub-experimental032	32_K16_short_combined_small.mp4	36	61
sub-experimental032	33_S21_combined_small.mp4	154	174
sub-experimental032	34_Trick38_combined_small.mp4	706	729
sub-experimental032	35_Trick32_long_combined_small.mp4	540	573
sub-experimental032	36_Trick7_short_combined_small.mp4	878	898
sub-experimental034	01_H35_combined_small.mp4	643	671
sub-experimental034	02_H10_combined_small.mp4	706	731
sub-experimental034	03_H16_combined_small.mp4	1036	1062
sub-experimental034	04_S9_combined_small.mp4	390	415
sub-experimental034	05_K4_combined_small.mp4	583	608
sub-experimental034	06_H7_combined_small.mp4	422	448
sub-experimental034	07_K2_combined_small.mp4	257	280
sub-experimental034	08_S12_combined_small.mp4	355	385
sub-experimental034	09_S11_combined_small.mp4	76	97
sub-experimental034	10_S27_combined_small.mp4	912	937
sub-experimental034	11_K21_long_combined_small.mp4	1100	1131
sub-experimental034	12_H37_combined_small.mp4	805	829
sub-experimental034	13_Trick6_short_combined_small.mp4	0	28
sub-experimental034	14_K19_long_combined_small.mp4	188	213
sub-experimental034	15_S18_combined_small.mp4	1070	1095
sub-experimental034	16_H19_combined_small.mp4	524	545
sub-experimental034	17_Trick37_combined_small.mp4	285	317
sub-experimental034	18_Trick4_combined_small.mp4	765	798
sub-experimental034	19_H17_combined_small.mp4	486	519
sub-experimental034	20_Trick20_short_combined_small.mp4	678	700
sub-experimental034	21_S15_combined_small.mp4	106	131
sub-experimental034	22_K18_combined_small.mp4	137	157
sub-experimental034	23_K10_combined_small.mp4	736	757
sub-experimental034	24_Trick28_combined_small.mp4	1001	1031
sub-experimental034	25_S25_combined_small.mp4	33	69
sub-experimental034	26_S30_combined_small.mp4	974	996
sub-experimental034	27_S31_combined_small.mp4	163	183
sub-experimental034	28_K24_combined_small.mp4	859	880
sub-experimental034	29_H36_combined_small.mp4	550	577
sub-experimental034	30_H15_combined_small.mp4	942	967
sub-experimental034	31_K3_combined_small.mp4	325	347
sub-experimental034	32_K16_short_combined_small.mp4	453	478
sub-experimental034	33_S21_combined_small.mp4	886	906
sub-experimental034	34_Trick38_combined_small.mp4	615	638
sub-experimental034	35_Trick32_long_combined_small.mp4	218	251
sub-experimental034	36_Trick7_short_combined_small.mp4	834	854
sub-experimental036	01_H35_combined_small.mp4	482	510
sub-experimental036	02_H10_combined_small.mp4	1018	1043
sub-experimental036	03_H16_combined_small.mp4	195	221
sub-experimental036	04_S9_combined_small.mp4	260	285
sub-experimental036	05_K4_combined_small.mp4	823	848
sub-experimental036	06_H7_combined_small.mp4	448	474
sub-experimental036	07_K2_combined_small.mp4	1108	1131
sub-experimental036	08_S12_combined_small.mp4	133	163
sub-experimental036	09_S11_combined_small.mp4	65	86
sub-experimental036	10_S27_combined_small.mp4	1078	1103
sub-experimental036	11_K21_long_combined_small.mp4	385	416
sub-experimental036	12_H37_combined_small.mp4	957	981
sub-experimental036	13_Trick6_short_combined_small.mp4	647	675
sub-experimental036	14_K19_long_combined_small.mp4	709	734
sub-experimental036	15_S18_combined_small.mp4	988	1013
sub-experimental036	16_H19_combined_small.mp4	422	443
sub-experimental036	17_Trick37_combined_small.mp4	95	127
sub-experimental036	18_Trick4_combined_small.mp4	291	324
sub-experimental036	19_H17_combined_small.mp4	919	952
sub-experimental036	20_Trick20_short_combined_small.mp4	767	789
sub-experimental036	21_S15_combined_small.mp4	616	641
sub-experimental036	22_K18_combined_small.mp4	797	817
sub-experimental036	23_K10_combined_small.mp4	331	352
sub-experimental036	24_Trick28_combined_small.mp4	853	883
sub-experimental036	25_S25_combined_small.mp4	543	579
sub-experimental036	26_S30_combined_small.mp4	168	190
sub-experimental036	27_S31_combined_small.mp4	739	759
sub-experimental036	28_K24_combined_small.mp4	682	703
sub-experimental036	29_H36_combined_small.mp4	226	253
sub-experimental036	30_H15_combined_small.mp4	584	609
sub-experimental036	31_K3_combined_small.mp4	1048	1070
sub-experimental036	32_K16_short_combined_small.mp4	888	913
sub-experimental036	33_S21_combined_small.mp4	360	380
sub-experimental036	34_Trick38_combined_small.mp4	515	538
sub-experimental036	35_Trick32_long_combined_small.mp4	0	33
sub-experimental036	36_Trick7_short_combined_small.mp4	38	58
sub-experimental038	01_H35_combined_small.mp4	796	824
sub-experimental038	02_H10_combined_small.mp4	1106	1131
sub-experimental038	03_H16_combined_small.mp4	730	756
sub-experimental038	04_S9_combined_small.mp4	608	633
sub-experimental038	05_K4_combined_small.mp4	512	537
sub-experimental038	06_H7_combined_small.mp4	669	695
sub-experimental038	07_K2_combined_small.mp4	484	507
sub-experimental038	08_S12_combined_small.mp4	261	291
sub-experimental038	09_S11_combined_small.mp4	867	888
sub-experimental038	10_S27_combined_small.mp4	116	141
sub-experimental038	11_K21_long_combined_small.mp4	1070	1101
sub-experimental038	12_H37_combined_small.mp4	358	382
sub-experimental038	13_Trick6_short_combined_small.mp4	26	54
sub-experimental038	14_K19_long_combined_small.mp4	920	945
sub-experimental038	15_S18_combined_small.mp4	764	789
sub-experimental038	16_H19_combined_small.mp4	0	21
sub-experimental038	17_Trick37_combined_small.mp4	222	254
sub-experimental038	18_Trick4_combined_small.mp4	568	601
sub-experimental038	19_H17_combined_small.mp4	387	420
sub-experimental038	20_Trick20_short_combined_small.mp4	639	661
sub-experimental038	21_S15_combined_small.mp4	324	349
sub-experimental038	22_K18_combined_small.mp4	542	562
sub-experimental038	23_K10_combined_small.mp4	296	317
sub-experimental038	24_Trick28_combined_small.mp4	187	217
sub-experimental038	25_S25_combined_small.mp4	146	182
sub-experimental038	26_S30_combined_small.mp4	89	111
sub-experimental038	27_S31_combined_small.mp4	61	81
sub-experimental038	28_K24_combined_small.mp4	454	475
sub-experimental038	29_H36_combined_small.mp4	982	1009
sub-experimental038	30_H15_combined_small.mp4	700	725
sub-experimental038	31_K3_combined_small.mp4	1015	1037
sub-experimental038	32_K16_short_combined_small.mp4	950	975
sub-experimental038	33_S21_combined_small.mp4	894	914
sub-experimental038	34_Trick38_combined_small.mp4	426	449
sub-experimental038	35_Trick32_long_combined_small.mp4	829	862
sub-experimental038	36_Trick7_short_combined_small.mp4	1042	1062
sub-experimental040	01_H35_combined_small.mp4	740	768
sub-experimental040	02_H10_combined_small.mp4	93	118
sub-experimental040	03_H16_combined_small.mp4	26	52
sub-experimental040	04_S9_combined_small.mp4	59	84
sub-experimental040	05_K4_combined_small.mp4	592	617
sub-experimental040	06_H7_combined_small.mp4	830	856
sub-experimental040	07_K2_combined_small.mp4	317	340
sub-experimental040	08_S12_combined_small.mp4	968	998
sub-experimental040	09_S11_combined_small.mp4	675	696
sub-experimental040	10_S27_combined_small.mp4	401	426
sub-experimental040	11_K21_long_combined_small.mp4	497	528
sub-experimental040	12_H37_combined_small.mp4	1033	1057
sub-experimental040	13_Trick6_short_combined_small.mp4	464	492
sub-experimental040	14_K19_long_combined_small.mp4	431	456
sub-experimental040	15_S18_combined_small.mp4	1106	1131
sub-experimental040	16_H19_combined_small.mp4	289	310
sub-experimental040	17_Trick37_combined_small.mp4	148	180
sub-experimental040	18_Trick4_combined_small.mp4	890	923
sub-experimental040	19_H17_combined_small.mp4	928	961
sub-experimental040	20_Trick20_short_combined_small.mp4	775	797
sub-experimental040	21_S15_combined_small.mp4	258	283
sub-experimental040	22_K18_combined_small.mp4	0	20
sub-experimental040	23_K10_combined_small.mp4	622	643
sub-experimental040	24_Trick28_combined_small.mp4	702	732
sub-experimental040	25_S25_combined_small.mp4	1065	1101
sub-experimental040	26_S30_combined_small.mp4	803	825
sub-experimental040	27_S31_combined_small.mp4	375	395
sub-experimental040	28_K24_combined_small.mp4	348	369
sub-experimental040	29_H36_combined_small.mp4	186	213
sub-experimental040	30_H15_combined_small.mp4	533	558
sub-experimental040	31_K3_combined_small.mp4	563	585
sub-experimental040	32_K16_short_combined_small.mp4	1003	1028
sub-experimental040	33_S21_combined_small.mp4	650	670
sub-experimental040	34_Trick38_combined_small.mp4	861	884
sub-experimental040	35_Trick32_long_combined_small.mp4	219	252
sub-experimental040	36_Trick7_short_combined_small.mp4	123	143
sub-experimental042	01_H35_combined_small.mp4	176	204
sub-experimental042	02_H10_combined_small.mp4	423	448
sub-experimental042	03_H16_combined_small.mp4	1007	1033
sub-experimental042	04_S9_combined_small.mp4	76	101
sub-experimental042	05_K4_combined_small.mp4	763	788
sub-experimental042	06_H7_combined_small.mp4	566	592
sub-experimental042	07_K2_combined_small.mp4	332	355
sub-experimental042	08_S12_combined_small.mp4	0	30
sub-experimental042	09_S11_combined_small.mp4	539	560
sub-experimental042	10_S27_combined_small.mp4	509	534
sub-experimental042	11_K21_long_combined_small.mp4	824	855
sub-experimental042	12_H37_combined_small.mp4	795	819
sub-experimental042	13_Trick6_short_combined_small.mp4	143	171
sub-experimental042	14_K19_long_combined_small.mp4	637	662
sub-experimental042	15_S18_combined_small.mp4	1038	1063
sub-experimental042	16_H19_combined_small.mp4	941	962
sub-experimental042	17_Trick37_combined_small.mp4	669	701
sub-experimental042	18_Trick4_combined_small.mp4	36	69
sub-experimental042	19_H17_combined_small.mp4	599	632
sub-experimental042	20_Trick20_short_combined_small.mp4	363	385
sub-experimental042	21_S15_combined_small.mp4	391	416
sub-experimental042	22_K18_combined_small.mp4	483	503
sub-experimental042	23_K10_combined_small.mp4	915	936
sub-experimental042	24_Trick28_combined_small.mp4	265	295
sub-experimental042	25_S25_combined_small.mp4	1096	1132
sub-experimental042	26_S30_combined_small.mp4	453	475
sub-experimental042	27_S31_combined_small.mp4	239	259
sub-experimental042	28_K24_combined_small.mp4	860	881
sub-experimental042	29_H36_combined_small.mp4	110	137
sub-experimental042	30_H15_combined_small.mp4	209	234
sub-experimental042	31_K3_combined_small.mp4	887	909
sub-experimental042	32_K16_short_combined_small.mp4	300	325
sub-experimental042	33_S21_combined_small.mp4	1071	1091
sub-experimental042	34_Trick38_combined_small.mp4	707	730
sub-experimental042	35_Trick32_long_combined_small.mp4	969	1002
sub-experimental042	36_Trick7_short_combined_small.mp4	735	755
sub-experimental044	01_H35_combined_small.mp4	30	58
sub-experimental044	02_H10_combined_small.mp4	732	757
sub-experimental044	03_H16_combined_small.mp4	440	466
sub-experimental044	04_S9_combined_small.mp4	860	885
sub-experimental044	05_K4_combined_small.mp4	0	25
sub-experimental044	06_H7_combined_small.mp4	982	1008
sub-experimental044	07_K2_combined_small.mp4	471	494
sub-experimental044	08_S12_combined_small.mp4	612	642
sub-experimental044	09_S11_combined_small.mp4	1074	1095
sub-experimental044	10_S27_combined_small.mp4	891	916
sub-experimental044	11_K21_long_combined_small.mp4	824	855
sub-experimental044	12_H37_combined_small.mp4	581	605
sub-experimental044	13_Trick6_short_combined_small.mp4	120	148
sub-experimental044	14_K19_long_combined_small.mp4	794	819
sub-experimental044	15_S18_combined_small.mp4	299	324
sub-experimental044	16_H19_combined_small.mp4	555	576
sub-experimental044	17_Trick37_combined_small.mp4	261	293
sub-experimental044	18_Trick4_combined_small.mp4	184	217
sub-experimental044	19_H17_combined_small.mp4	331	364
sub-experimental044	20_Trick20_short_combined_small.mp4	527	549
sub-experimental044	21_S15_combined_small.mp4	153	178
sub-experimental044	22_K18_combined_small.mp4	647	667
sub-experimental044	23_K10_combined_small.mp4	413	434
sub-experimental044	24_Trick28_combined_small.mp4	1101	1131
sub-experimental044	25_S25_combined_small.mp4	372	408
sub-experimental044	26_S30_combined_small.mp4	65	87
sub-experimental044	27_S31_combined_small.mp4	922	942
sub-experimental044	28_K24_combined_small.mp4	765	786
sub-experimental044	29_H36_combined_small.mp4	947	974
sub-experimental044	30_H15_combined_small.mp4	702	727
sub-experimental044	31_K3_combined_small.mp4	675	697
sub-experimental044	32_K16_short_combined_small.mp4	1041	1066
sub-experimental044	33_S21_combined_small.mp4	502	522
sub-experimental044	34_Trick38_combined_small.mp4	1013	1036
sub-experimental044	35_Trick32_long_combined_small.mp4	222	255
sub-experimental044	36_Trick7_short_combined_small.mp4	95	115
sub-experimental046	01_H35_combined_small.mp4	31	59
sub-experimental046	02_H10_combined_small.mp4	589	614
sub-experimental046	03_H16_combined_small.mp4	717	743
sub-experimental046	04_S9_combined_small.mp4	437	462
sub-experimental046	05_K4_combined_small.mp4	751	776
sub-experimental046	06_H7_combined_small.mp4	99	125
sub-experimental046	07_K2_combined_small.mp4	1011	1034
sub-experimental046	08_S12_combined_small.mp4	1102	1132
sub-experimental046	09_S11_combined_small.mp4	207	228
sub-experimental046	10_S27_combined_small.mp4	889	914
sub-experimental046	11_K21_long_combined_small.mp4	920	951
sub-experimental046	12_H37_combined_small.mp4	1039	1063
sub-experimental046	13_Trick6_short_combined_small.mp4	684	712
sub-experimental046	14_K19_long_combined_small.mp4	0	25
sub-experimental046	15_S18_combined_small.mp4	368	393
sub-experimental046	16_H19_combined_small.mp4	155	176
sub-experimental046	17_Trick37_combined_small.mp4	399	431
sub-experimental046	18_Trick4_combined_small.mp4	330	363
sub-experimental046	19_H17_combined_small.mp4	646	679
sub-experimental046	20_Trick20_short_combined_small.mp4	983	1005
sub-experimental046	21_S15_combined_small.mp4	1071	1096
sub-experimental046	22_K18_combined_small.mp4	181	201
sub-experimental046	23_K10_combined_small.mp4	504	525
sub-experimental046	24_Trick28_combined_small.mp4	292	322
sub-experimental046	25_S25_combined_small.mp4	810	846
sub-experimental046	26_S30_combined_small.mp4	263	285
sub-experimental046	27_S31_combined_small.mp4	956	976
sub-experimental046	28_K24_combined_small.mp4	783	804
sub-experimental046	29_H36_combined_small.mp4	471	498
sub-experimental046	30_H15_combined_small.mp4	66	91
sub-experimental046	31_K3_combined_small.mp4	530	552
sub-experimental046	32_K16_short_combined_small.mp4	557	582
sub-experimental046	33_S21_combined_small.mp4	619	639
sub-experimental046	34_Trick38_combined_small.mp4	235	258
sub-experimental046	35_Trick32_long_combined_small.mp4	851	884
sub-experimental046	36_Trick7_short_combined_small.mp4	130	150
sub-experimental048	01_H35_combined_small.mp4	217	245
sub-experimental048	02_H10_combined_small.mp4	1020	1045
sub-experimental048	03_H16_combined_small.mp4	0	26
sub-experimental048	04_S9_combined_small.mp4	131	156
sub-experimental048	05_K4_combined_small.mp4	251	276
sub-experimental048	06_H7_combined_small.mp4	580	606
sub-experimental048	07_K2_combined_small.mp4	392	415
sub-experimental048	08_S12_combined_small.mp4	920	950
sub-experimental048	09_S11_combined_small.mp4	1084	1105
sub-experimental048	10_S27_combined_small.mp4	613	638
sub-experimental048	11_K21_long_combined_small.mp4	477	508
sub-experimental048	12_H37_combined_small.mp4	513	537
sub-experimental048	13_Trick6_short_combined_small.mp4	955	983
sub-experimental048	14_K19_long_combined_small.mp4	643	668
sub-experimental048	15_S18_combined_small.mp4	805	830
sub-experimental048	16_H19_combined_small.mp4	32	53
sub-experimental048	17_Trick37_combined_small.mp4	324	356
sub-experimental048	18_Trick4_combined_small.mp4	765	798
sub-experimental048	19_H17_combined_small.mp4	60	93
sub-experimental048	20_Trick20_short_combined_small.mp4	162	184
sub-experimental048	21_S15_combined_small.mp4	1050	1075
sub-experimental048	22_K18_combined_small.mp4	1111	1131
sub-experimental048	23_K10_combined_small.mp4	835	856
sub-experimental048	24_Trick28_combined_small.mp4	727	757
sub-experimental048	25_S25_combined_small.mp4	281	317
sub-experimental048	26_S30_combined_small.mp4	675	697
sub-experimental048	27_S31_combined_small.mp4	894	914
sub-experimental048	28_K24_combined_small.mp4	365	386
sub-experimental048	29_H36_combined_small.mp4	861	888
sub-experimental048	30_H15_combined_small.mp4	101	126
sub-experimental048	31_K3_combined_small.mp4	190	212
sub-experimental048	32_K16_short_combined_small.mp4	990	1015
sub-experimental048	33_S21_combined_small.mp4	702	722
sub-experimental048	34_Trick38_combined_small.mp4	421	444
sub-experimental048	35_Trick32_long_combined_small.mp4	542	575
sub-experimental048	36_Trick7_short_combined_small.mp4	449	469
sub-experimental050	01_H35_combined_small.mp4	337	365
sub-experimental050	02_H10_combined_small.mp4	1018	1043
sub-experimental050	03_H16_combined_small.mp4	1106	1132
sub-experimental050	04_S9_combined_small.mp4	250	275
sub-experimental050	05_K4_combined_small.mp4	876	901
sub-experimental050	06_H7_combined_small.mp4	0	26
sub-experimental050	07_K2_combined_small.mp4	469	492
sub-experimental050	08_S12_combined_small.mp4	678	708
sub-experimental050	09_S11_combined_small.mp4	551	572
sub-experimental050	10_S27_combined_small.mp4	648	673
sub-experimental050	11_K21_long_combined_small.mp4	580	611
sub-experimental050	12_H37_combined_small.mp4	220	244
sub-experimental050	13_Trick6_short_combined_small.mp4	945	973
sub-experimental050	14_K19_long_combined_small.mp4	1048	1073
sub-experimental050	15_S18_combined_small.mp4	110	135
sub-experimental050	16_H19_combined_small.mp4	308	329
sub-experimental050	17_Trick37_combined_small.mp4	980	1012
sub-experimental050	18_Trick4_combined_small.mp4	713	746
sub-experimental050	19_H17_combined_small.mp4	32	65
sub-experimental050	20_Trick20_short_combined_small.mp4	192	214
sub-experimental050	21_S15_combined_small.mp4	845	870
sub-experimental050	22_K18_combined_small.mp4	440	460
sub-experimental050	23_K10_combined_small.mp4	819	840
sub-experimental050	24_Trick28_combined_small.mp4	72	102
sub-experimental050	25_S25_combined_small.mp4	370	406
sub-experimental050	26_S30_combined_small.mp4	497	519
sub-experimental050	27_S31_combined_small.mp4	1081	1101
sub-experimental050	28_K24_combined_small.mp4	140	161
sub-experimental050	29_H36_combined_small.mp4	754	781
sub-experimental050	30_H15_combined_small.mp4	789	814
sub-experimental050	31_K3_combined_small.mp4	524	546
sub-experimental050	32_K16_short_combined_small.mp4	616	641
sub-experimental050	33_S21_combined_small.mp4	281	301
sub-experimental050	34_Trick38_combined_small.mp4	412	435
sub-experimental050	35_Trick32_long_combined_small.mp4	907	940
sub-experimental050	36_Trick7_short_combined_small.mp4	167	187
